{
"type": "FeatureCollection",
"name": "jamaica_seagrass_aoi",
"crs": { "type": "name", "properties": { "name": "urn:ogc:def:crs:OGC:1.3:CRS84" } },
"features": [
{ "type": "Feature", "properties": { }, "geometry": { "type": "Polygon", "coordinates": [ [ [ -78.377568988500073, 18.301986915371813 ], [ -78.376777585677289, 18.303086742230683 ], [ -78.374035631953248, 18.307863599613899 ], [ -78.371809984002127, 18.312879444284881 ], [ -78.370123216235498, 18.318083512277909 ], [ -78.369831754103714, 18.319174202294082 ], [ -78.368715953423859, 18.324419281307556 ], [ -78.368147792556059, 18.329743949405817 ], [ -78.368132874917876, 18.335096174202722 ], [ -78.368133929838748, 18.335117691571131 ], [ -78.36808472098059, 18.338786570761176 ], [ -78.368116395434527, 18.33966208750973 ], [ -78.368091747644911, 18.342897571358471 ], [ -78.368422240333288, 18.347032446536719 ], [ -78.36847311609452, 18.348669846638835 ], [ -78.368343956088054, 18.350619561376813 ], [ -78.368048079150554, 18.352351342427355 ], [ -78.367573140250471, 18.354056857185011 ], [ -78.366925412114213, 18.355709706251346 ], [ -78.365982073493882, 18.357545055512244 ], [ -78.363655688753383, 18.362740183085268 ], [ -78.363370958662188, 18.36348069093324 ], [ -78.362584374233919, 18.365042443386386 ], [ -78.361644011453365, 18.366524661136886 ], [ -78.360659888864177, 18.367783967730734 ], [ -78.358928786864482, 18.369581844643641 ], [ -78.357291016919362, 18.370950042279667 ], [ -78.356170923752941, 18.371697508433261 ], [ -78.351230139232271, 18.375399591679511 ], [ -78.346748197233367, 18.379600537123235 ], [ -78.342780081244697, 18.3842488524378 ], [ -78.342542740317, 18.384560651481127 ], [ -78.341272524439731, 18.385948262030617 ], [ -78.340097470253724, 18.387017281909202 ], [ -78.338781915253051, 18.388016560346195 ], [ -78.337378314048152, 18.388899945618586 ], [ -78.3362804598504, 18.389463870241155 ], [ -78.333696061161163, 18.390475457758075 ], [ -78.328320649573214, 18.392900903033631 ], [ -78.323240547695164, 18.39585012653141 ], [ -78.318511561612752, 18.39929074916699 ], [ -78.314185651651698, 18.403184992178641 ], [ -78.312966922975903, 18.404403431530842 ], [ -78.311672145418498, 18.405481603298597 ], [ -78.309091783289858, 18.40726290866219 ], [ -78.307982459022412, 18.407949974938969 ], [ -78.304332438316663, 18.410636325544512 ], [ -78.304007308129101, 18.410896379977466 ], [ -78.302433968245722, 18.411915999435511 ], [ -78.30076092577464, 18.412778976588076 ], [ -78.300750286791853, 18.412783203520007 ], [ -78.29608818942053, 18.414877352670327 ], [ -78.29164425040203, 18.417366578127726 ], [ -78.287455119822681, 18.42023036241147 ], [ -78.283555352592444, 18.423445098163885 ], [ -78.282232547137383, 18.424639806597348 ], [ -78.280693904575557, 18.425767260615814 ], [ -78.278749745141852, 18.426909297425745 ], [ -78.275422098432159, 18.429021702754024 ], [ -78.273398121159232, 18.430407039073572 ], [ -78.27229558262033, 18.431018626272099 ], [ -78.267642920247241, 18.433898570952937 ], [ -78.263306894927041, 18.437198222046355 ], [ -78.259328930391121, 18.440886078702768 ], [ -78.257207911954765, 18.443278898169432 ], [ -78.255175453791722, 18.445355020396129 ], [ -78.253786542017068, 18.446520337952723 ], [ -78.251835474978009, 18.447858052006168 ], [ -78.247044918282285, 18.451533692414792 ], [ -78.246078048152697, 18.452456651594879 ], [ -78.24607763866446, 18.452456227257461 ], [ -78.242761212570301, 18.455370937285167 ], [ -78.241798310149292, 18.456067762494115 ], [ -78.241211698983435, 18.456492271654533 ], [ -78.237487296173541, 18.459434070424869 ], [ -78.234038690571751, 18.462667697048587 ], [ -78.231822227854451, 18.464930908063749 ], [ -78.22998948961019, 18.466443838025903 ], [ -78.227684596326384, 18.467943717920381 ], [ -78.22375730021011, 18.469890865349473 ], [ -78.222874364462243, 18.470231357845872 ], [ -78.219824788566925, 18.471222445106136 ], [ -78.218023919258613, 18.471624936908984 ], [ -78.216190370137767, 18.471857040152326 ], [ -78.212219059681956, 18.471984795623403 ], [ -78.211181945590539, 18.471965342490115 ], [ -78.205471068339975, 18.472409564819092 ], [ -78.201009155938053, 18.472974056393632 ], [ -78.200265881762846, 18.473032853212636 ], [ -78.196585640238439, 18.473498346388531 ], [ -78.191130030184226, 18.4739297146041 ], [ -78.189241113754392, 18.474168556217073 ], [ -78.185239946913285, 18.474296704676853 ], [ -78.184357423167441, 18.474281999443658 ], [ -78.180436775809568, 18.474053258314569 ], [ -78.175037397099345, 18.473983701579854 ], [ -78.16965548749728, 18.474403977316705 ], [ -78.164339726759067, 18.475310290984293 ], [ -78.159138199330343, 18.47669445141738 ], [ -78.155352256199819, 18.477889749754546 ], [ -78.152799769213914, 18.47838454255232 ], [ -78.145822011120515, 18.480185171958752 ], [ -78.145299201796476, 18.480354832671679 ], [ -78.143497956544394, 18.480756623615459 ], [ -78.141664103331522, 18.480988004691504 ], [ -78.139918135580402, 18.481043479548603 ], [ -78.137633390831567, 18.480893883490413 ], [ -78.135671386182423, 18.480559606501451 ], [ -78.134108822843643, 18.48012448357899 ], [ -78.133992033889584, 18.480076715758081 ], [ -78.127636690982982, 18.47789441053412 ], [ -78.121054746303969, 18.476447718042085 ], [ -78.12045478424136, 18.476351284683201 ], [ -78.117569901904815, 18.475596718919991 ], [ -78.111029583975935, 18.474275419503751 ], [ -78.104371837857911, 18.473696888263465 ], [ -78.103740397076365, 18.473677657744524 ], [ -78.102757954045842, 18.473647733233449 ], [ -78.099906102792701, 18.473560838754363 ], [ -78.098986412258782, 18.47344601086499 ], [ -78.093090099851352, 18.473006270127694 ], [ -78.087177814572129, 18.473154240896214 ], [ -78.082329672082565, 18.473517305022241 ], [ -78.079458339909564, 18.473440218948554 ], [ -78.077778561218167, 18.47325393674619 ], [ -78.072238305159829, 18.47290035506272 ], [ -78.066688326305126, 18.473064888051443 ], [ -78.062682544279937, 18.473560354902926 ], [ -78.059712249321393, 18.47376070377948 ], [ -78.057518744136189, 18.473703508251404 ], [ -78.052041419252248, 18.473812972010016 ], [ -78.046600614769559, 18.474425677556805 ], [ -78.041246977697782, 18.475535928304275 ], [ -78.038129030354099, 18.476334603941357 ], [ -78.036303886934732, 18.476622944250586 ], [ -78.031985923275286, 18.476894795867747 ], [ -78.031125103650538, 18.476911405247769 ], [ -78.027760831113667, 18.477130446561748 ], [ -78.021544249413694, 18.477865632438995 ], [ -78.015450309143617, 18.479249802576955 ], [ -78.010489420854626, 18.480656561235694 ], [ -78.008698064098581, 18.480963254902782 ], [ -78.006144975064487, 18.481153405546699 ], [ -78.005680816027933, 18.481187971780724 ], [ -78.003991318630881, 18.481133063551614 ], [ -78.003831188449624, 18.481112070500036 ], [ -77.998382797375413, 18.480651524905824 ], [ -77.992913226560319, 18.480693334155784 ], [ -77.987473216064899, 18.481237117176917 ], [ -77.982113233852914, 18.482277835940838 ], [ -77.976883008837007, 18.483805841828971 ], [ -77.971831070638402, 18.485806964673799 ], [ -77.967004300278106, 18.488262643669586 ], [ -77.962447495923783, 18.491150098961079 ], [ -77.958202957685472, 18.49444254234465 ], [ -77.954310095287283, 18.498109425155189 ], [ -77.950805062240931, 18.50211672106818 ], [ -77.947720419913665, 18.506427241222365 ], [ -77.946413142700678, 18.508457583435639 ], [ -77.945294690763788, 18.509864024533151 ], [ -77.944037106520327, 18.511159101024631 ], [ -77.943919869416973, 18.511258272676674 ], [ -77.942076688377199, 18.512888337651212 ], [ -77.939969572565843, 18.514836245935864 ], [ -77.937257215350016, 18.516880230893406 ], [ -77.934053927122392, 18.519025887653566 ], [ -77.932314541866873, 18.519963108145589 ], [ -77.932059316218627, 18.520106463972361 ], [ -77.93033717643813, 18.520914530230424 ], [ -77.926052367329007, 18.523148159761039 ], [ -77.92363675404809, 18.524539218818969 ], [ -77.92200825165159, 18.525284478790194 ], [ -77.920830008173994, 18.52569666947435 ], [ -77.913260144992506, 18.528962177720761 ], [ -77.912838183500654, 18.529180975630357 ], [ -77.909132535829144, 18.531279955793348 ], [ -77.905604346472941, 18.533640926997158 ], [ -77.904647225419211, 18.534334535675573 ], [ -77.903019250187782, 18.535283338874713 ], [ -77.900729337307069, 18.53633101583732 ], [ -77.900703368078325, 18.536340572740684 ], [ -77.898673986526063, 18.53690607791977 ], [ -77.897665451603089, 18.537187105971398 ], [ -77.894199590583696, 18.538269183514238 ], [ -77.893410950358188, 18.5385424349492 ], [ -77.892616719255315, 18.538840222079713 ], [ -77.890857929315118, 18.539403792127271 ], [ -77.890420544340799, 18.539551655868141 ], [ -77.888725003648304, 18.539960952765988 ], [ -77.886997005946895, 18.540218720949696 ], [ -77.883345304916574, 18.540436313293554 ], [ -77.881780081268772, 18.540462919962216 ], [ -77.879877834172959, 18.54066209260662 ], [ -77.874970084559166, 18.540954327105847 ], [ -77.871272819525657, 18.541036791922942 ], [ -77.86488558473971, 18.54187639441006 ], [ -77.861823237417653, 18.542449437481054 ], [ -77.861381234065917, 18.542481093814096 ], [ -77.858050083280574, 18.542814114923278 ], [ -77.8573951935998, 18.542898267359558 ], [ -77.853432539619746, 18.543144097338772 ], [ -77.849043531222733, 18.54326393704314 ], [ -77.847246928131796, 18.543413450694565 ], [ -77.840897600301247, 18.544288632824028 ], [ -77.840119958774878, 18.544438997151943 ], [ -77.837136444922365, 18.544737103953207 ], [ -77.836941595435192, 18.544743826673116 ], [ -77.834249497127161, 18.54466191816886 ], [ -77.832112457782969, 18.544397815574392 ], [ -77.82679873895998, 18.543981723306786 ], [ -77.821326056883763, 18.543799025132525 ], [ -77.817974168555395, 18.543512628077607 ], [ -77.814163881796688, 18.543030994906015 ], [ -77.812902080353979, 18.542932987743672 ], [ -77.808747598914891, 18.542441167828251 ], [ -77.806922777422145, 18.542058828956886 ], [ -77.801818258346046, 18.541219898458248 ], [ -77.799916652607067, 18.541075555813272 ], [ -77.796132205279974, 18.540594418483 ], [ -77.794465457719852, 18.540281054079937 ], [ -77.789354229333085, 18.539548650821466 ], [ -77.784194363535192, 18.539262377783796 ], [ -77.779028557265036, 18.539424609178678 ], [ -77.775207703911775, 18.539878594739893 ], [ -77.774770019578042, 18.539913682919455 ], [ -77.770522161622509, 18.54040850228683 ], [ -77.768993936939239, 18.540642532489702 ], [ -77.765998247240489, 18.540846214813371 ], [ -77.7643106211694, 18.540792198473991 ], [ -77.762335258510433, 18.540542193618471 ], [ -77.761032266923365, 18.540271774174776 ], [ -77.759469237019431, 18.540011106291573 ], [ -77.756405251429157, 18.539326431703785 ], [ -77.752051763566612, 18.537911869761324 ], [ -77.747105632213277, 18.536539977987033 ], [ -77.746172201828657, 18.536366648605469 ], [ -77.74331287053414, 18.535655633359475 ], [ -77.741156630509479, 18.535252533575985 ], [ -77.741161332089888, 18.535233398668968 ], [ -77.736642709143112, 18.534223143892024 ], [ -77.734890591998791, 18.533653621072414 ], [ -77.734655821438707, 18.533551834942536 ], [ -77.73033735915007, 18.531879843287143 ], [ -77.725889774257794, 18.53055113670505 ], [ -77.721342993191811, 18.529574658833667 ], [ -77.716367625911602, 18.528708907075373 ], [ -77.714430120411947, 18.528162000922787 ], [ -77.712295951777207, 18.527313331889449 ], [ -77.709747954931032, 18.526010683764802 ], [ -77.705153827528108, 18.523909184098052 ], [ -77.700291358356168, 18.521935534862696 ], [ -77.700288385053355, 18.521942200709731 ], [ -77.699381442739437, 18.521534147278864 ], [ -77.694121270963322, 18.519745823630974 ], [ -77.688702483917666, 18.518458812441981 ], [ -77.683177429068067, 18.517685552694008 ], [ -77.677599478864394, 18.517433520579445 ], [ -77.672022516612714, 18.517705157233539 ], [ -77.669884409805093, 18.518012098400433 ], [ -77.665863121790238, 18.518304377564831 ], [ -77.664330815740314, 18.518254486327212 ], [ -77.661604905765969, 18.517907922007208 ], [ -77.656128438621167, 18.517467473162732 ], [ -77.65063296925284, 18.517533928539574 ], [ -77.649886613441083, 18.517577461092266 ], [ -77.648053315837927, 18.517523024345582 ], [ -77.646333436039001, 18.51731784078282 ], [ -77.644625421901381, 18.516958346905852 ], [ -77.642414254546239, 18.516282899607312 ], [ -77.638915191034599, 18.515030208380097 ], [ -77.634143758845468, 18.513761663050179 ], [ -77.629274644878464, 18.512894453896429 ], [ -77.625530786844791, 18.512387604403415 ], [ -77.624740227670301, 18.512219618888732 ], [ -77.623380710124479, 18.511879386249682 ], [ -77.62230612085979, 18.511554392632476 ], [ -77.620377130255832, 18.51102960615653 ], [ -77.614267256490223, 18.509710020734367 ], [ -77.608042240440554, 18.509040265559506 ], [ -77.606168796010579, 18.509036766285991 ], [ -77.606169517104789, 18.509017221882573 ], [ -77.601480095937106, 18.50885969089039 ], [ -77.599860832356299, 18.50865068099132 ], [ -77.595143939304961, 18.508231975441333 ], [ -77.590406870206962, 18.508189663749995 ], [ -77.585682557124343, 18.508524043890048 ], [ -77.584294178449568, 18.508678059292411 ], [ -77.582351469103401, 18.50892603595678 ], [ -77.582037801269195, 18.508971341473476 ], [ -77.579069526864913, 18.509163275059542 ], [ -77.57724128021863, 18.509179003037488 ], [ -77.571053998427274, 18.509000948486083 ], [ -77.565702866832666, 18.509087485059531 ], [ -77.560383987768105, 18.509654052957085 ], [ -77.559493800509003, 18.509789635819338 ], [ -77.559504631206963, 18.509854357710093 ], [ -77.559384062216949, 18.509868821295392 ], [ -77.555685622488213, 18.510117841714713 ], [ -77.554528397055208, 18.510230165729215 ], [ -77.551222881263584, 18.510388089054516 ], [ -77.550837147061344, 18.510393533898256 ], [ -77.547749378195519, 18.51028956320992 ], [ -77.543097262856776, 18.509680648431381 ], [ -77.537454417719388, 18.509213876893259 ], [ -77.535869890735654, 18.509233928467751 ], [ -77.531702760309742, 18.509094512880985 ], [ -77.529198455745174, 18.508766165614503 ], [ -77.522836529828311, 18.508277251282394 ], [ -77.519249028847952, 18.508194455215023 ], [ -77.518389204964606, 18.508111717466949 ], [ -77.516616830313566, 18.507941155491064 ], [ -77.513404298713056, 18.507735654063524 ], [ -77.510685505624195, 18.507404746121868 ], [ -77.508954884230747, 18.507015504616287 ], [ -77.508785230437255, 18.506964230297775 ], [ -77.506423718108792, 18.506416913766952 ], [ -77.506430336292425, 18.506394922713053 ], [ -77.500185148267121, 18.504684124681749 ], [ -77.495198962487379, 18.503547706442902 ], [ -77.490125708555183, 18.50284474869785 ], [ -77.485006685580814, 18.502580978547741 ], [ -77.479883565082858, 18.50275854788925 ], [ -77.474750517083379, 18.503158233357389 ], [ -77.471827317491417, 18.503064541722257 ], [ -77.468166532755475, 18.502617339907889 ], [ -77.467007681308473, 18.502419629069117 ], [ -77.463275734464318, 18.501938248763299 ], [ -77.461343088914305, 18.50150289626599 ], [ -77.461325323253419, 18.501497073457468 ], [ -77.455742811012286, 18.499966897564065 ], [ -77.450025732140503, 18.498988547239787 ], [ -77.444233829965796, 18.498572252736714 ], [ -77.440891583222992, 18.498495517905102 ], [ -77.440856370152275, 18.49849217234749 ], [ -77.43973739039312, 18.49841980628392 ], [ -77.439118175912853, 18.498342931375912 ], [ -77.437998992517848, 18.498210446508715 ], [ -77.436693161081678, 18.498070473367211 ], [ -77.43664667883246, 18.498066009615069 ], [ -77.435795557572533, 18.497935148071615 ], [ -77.434924001101734, 18.497771616484709 ], [ -77.433951470065651, 18.497597515518336 ], [ -77.431072944453007, 18.497106902458356 ], [ -77.427128673435732, 18.49600819376677 ], [ -77.423919026477847, 18.494809993031822 ], [ -77.419367944094034, 18.492974276542746 ], [ -77.413625834062003, 18.491313684696181 ], [ -77.407732208203853, 18.490240188069638 ], [ -77.401752791405229, 18.489765765147315 ], [ -77.39820664425234, 18.489663747170123 ], [ -77.396578595040637, 18.489481130273191 ], [ -77.395486878542783, 18.489265746869428 ], [ -77.39545320764725, 18.489259103868477 ], [ -77.393890731541248, 18.489027458438471 ], [ -77.391740611965574, 18.488618754730382 ], [ -77.38673828254521, 18.487887161622702 ], [ -77.38274840988295, 18.487647084314474 ], [ -77.381079254772473, 18.487536426238549 ], [ -77.378883908985841, 18.487259572604241 ], [ -77.378589324770303, 18.487222420740842 ], [ -77.376818631156198, 18.486830731338468 ], [ -77.375073889532857, 18.486271256030243 ], [ -77.372997484774544, 18.485605401706639 ], [ -77.372671773352678, 18.485482808161187 ], [ -77.372653493838442, 18.485476817633362 ], [ -77.371095522355517, 18.484885343641906 ], [ -77.365588130952062, 18.48338668809123 ], [ -77.359950605445988, 18.482424734221503 ], [ -77.35424022338276, 18.482009261551113 ], [ -77.348515001732224, 18.482144497420038 ], [ -77.348496960953227, 18.48214579397996 ], [ -77.343485321562554, 18.482720557630149 ], [ -77.338546899224283, 18.483717540209391 ], [ -77.333720675671117, 18.485128876334031 ], [ -77.329044750140412, 18.486943429529557 ], [ -77.326725259296381, 18.488082057073608 ], [ -77.323622394285835, 18.489402647716958 ], [ -77.322238378023016, 18.48987932108383 ], [ -77.320345630951721, 18.490586629738115 ], [ -77.319009127549904, 18.491005899222067 ], [ -77.31707518742256, 18.491493358428727 ], [ -77.315247720586029, 18.491774903698008 ], [ -77.312501326266926, 18.491937319647782 ], [ -77.311607897104594, 18.491947235581378 ], [ -77.307256680226587, 18.491829586811832 ], [ -77.306597199307163, 18.491752540495053 ], [ -77.305870867255621, 18.491667681265021 ], [ -77.304653663084565, 18.491525465655673 ], [ -77.303150532998046, 18.491349831760335 ], [ -77.303150256185347, 18.491351988337225 ], [ -77.302603839024442, 18.491265708807461 ], [ -77.297211652052056, 18.490911077052289 ], [ -77.293378337762832, 18.491007492269532 ], [ -77.290930763414764, 18.490926281000839 ], [ -77.289759725050232, 18.490775000566245 ], [ -77.284206444146832, 18.490320818963802 ], [ -77.281652280561488, 18.4902319638894 ], [ -77.279817869456977, 18.489994888885597 ], [ -77.278016651882567, 18.489587381684693 ], [ -77.276420703797584, 18.489064099521475 ], [ -77.270640342136218, 18.487564140951413 ], [ -77.270647670805218, 18.487536496333266 ], [ -77.267788641450309, 18.486846455882162 ], [ -77.267490222586503, 18.486766986032947 ], [ -77.265317453836929, 18.48605394909811 ], [ -77.263461023993457, 18.485242635312847 ], [ -77.263253350126305, 18.485152355305711 ], [ -77.260608145282703, 18.484008519973219 ], [ -77.256601257007489, 18.482448489741799 ], [ -77.2561711194341, 18.482298988358149 ], [ -77.255496056939393, 18.482064356701024 ], [ -77.254572242528553, 18.481743261141819 ], [ -77.253023803911248, 18.481229080198183 ], [ -77.251919494285659, 18.480879336554175 ], [ -77.251909217058667, 18.480908880718243 ], [ -77.249736381126169, 18.480140644634957 ], [ -77.24851789685431, 18.479780860416827 ], [ -77.244937169051127, 18.4783297134205 ], [ -77.240266898769889, 18.476663765378074 ], [ -77.235461560010108, 18.475394964336111 ], [ -77.230558156485159, 18.47453308408069 ], [ -77.229350297994472, 18.474372695040447 ], [ -77.226672022872236, 18.473750832945843 ], [ -77.220884732191777, 18.472706883068973 ], [ -77.219127655935281, 18.472479185182785 ], [ -77.217326702334773, 18.472071064523046 ], [ -77.216197732614404, 18.471700440770064 ], [ -77.21440517976518, 18.471111954945417 ], [ -77.211300509155862, 18.469705756903306 ], [ -77.208570578802139, 18.468302573700512 ], [ -77.203296526541948, 18.4662131355878 ], [ -77.197829334608741, 18.464639520502566 ], [ -77.192224233682268, 18.463597630063369 ], [ -77.186537844848303, 18.463097994612461 ], [ -77.18582593509953, 18.463069760489201 ], [ -77.182041093064242, 18.462528326906472 ], [ -77.180977811554357, 18.46238600070253 ], [ -77.176106844739707, 18.461778662576226 ], [ -77.174452666113382, 18.461403371691556 ], [ -77.172702525403608, 18.460828331035856 ], [ -77.171753363726879, 18.460413167400514 ], [ -77.170568339713668, 18.459910372554017 ], [ -77.170185841122063, 18.459753046484941 ], [ -77.169566958739608, 18.459456806268058 ], [ -77.168890674324729, 18.459160983346255 ], [ -77.16574152834383, 18.457653766781036 ], [ -77.163203424926891, 18.456624626112397 ], [ -77.161733282868425, 18.455869556162334 ], [ -77.159072117717187, 18.454176633040024 ], [ -77.156921287008771, 18.452607800139919 ], [ -77.154266815441488, 18.450827384886839 ], [ -77.14900579573019, 18.44769350501322 ], [ -77.146731053285535, 18.446497938306038 ], [ -77.143005917291262, 18.444706882948363 ], [ -77.141829301770798, 18.444191944079467 ], [ -77.138696873551311, 18.442447777741059 ], [ -77.137023253397089, 18.441407224094394 ], [ -77.132094399616605, 18.438960971488971 ], [ -77.126938784909527, 18.436985952731973 ], [ -77.121605717186966, 18.435501059477076 ], [ -77.116146197698171, 18.434520496270263 ], [ -77.110612434571166, 18.434053644900544 ], [ -77.107734117908038, 18.433945766165522 ], [ -77.105283320883132, 18.433613620935812 ], [ -77.10142244918768, 18.433218298245311 ], [ -77.10091842443039, 18.433183270782177 ], [ -77.099132095365903, 18.433086094330488 ], [ -77.097482493177637, 18.433043986368727 ], [ -77.09637159561639, 18.433031034675071 ], [ -77.090948970945746, 18.43321517943464 ], [ -77.085569467835299, 18.433892336866759 ], [ -77.080282164138112, 18.435056333794943 ], [ -77.07929962418639, 18.435320391723177 ], [ -77.077828583605083, 18.435790794993604 ], [ -77.073238210398543, 18.436998868000149 ], [ -77.070279081325893, 18.437604439621879 ], [ -77.069383559582661, 18.437828546641775 ], [ -77.069386651033426, 18.437839799629803 ], [ -77.067266718154002, 18.438290094408387 ], [ -77.061559229190806, 18.43985369899298 ], [ -77.053959183377287, 18.442508080391178 ], [ -77.053863893551423, 18.442548923401251 ], [ -77.052082443029732, 18.443122303803051 ], [ -77.05043704713836, 18.443499216825934 ], [ -77.048762884048571, 18.443733940479799 ], [ -77.047152547984936, 18.443820341419059 ], [ -77.044955498948852, 18.443744130656047 ], [ -77.043162706034892, 18.443510036858807 ], [ -77.040975706403174, 18.443012159136007 ], [ -77.033817546159483, 18.441838107974263 ], [ -77.032787141587775, 18.441733253923562 ], [ -77.032221815145832, 18.441636528970857 ], [ -77.031559322377191, 18.441527007539783 ], [ -77.029612818230206, 18.44123829586416 ], [ -77.029559789000515, 18.441231326827818 ], [ -77.028170790184404, 18.440994801949643 ], [ -77.027369268836907, 18.440791053578977 ], [ -77.026257908265194, 18.440523291091427 ], [ -77.026188199090456, 18.440497987058272 ], [ -77.024532325082617, 18.4399247984155 ], [ -77.023623329839154, 18.439625278748363 ], [ -77.02285319309641, 18.439327372509009 ], [ -77.01879617786031, 18.43788512939734 ], [ -77.018038926927886, 18.43762579251835 ], [ -77.017797988435092, 18.43752954261139 ], [ -77.017554639854268, 18.437417137888684 ], [ -77.015338518934499, 18.436482319659451 ], [ -77.011786331132811, 18.434794267441646 ], [ -77.009169953457445, 18.433705881717941 ], [ -77.008695935265365, 18.43348243139652 ], [ -77.00381171690907, 18.431692514614994 ], [ -76.998775703014005, 18.430339101173793 ], [ -76.993630604424339, 18.4294336728308 ], [ -76.992549279746498, 18.429292162188236 ], [ -76.992291969881094, 18.429259059481485 ], [ -76.98966501983125, 18.428926917994595 ], [ -76.987143084978555, 18.428371320588315 ], [ -76.983365627137317, 18.42735922864799 ], [ -76.977965719342677, 18.426437041537998 ], [ -76.972497800263568, 18.426016327253471 ], [ -76.967012850759616, 18.426101012941746 ], [ -76.966973912406246, 18.426103412751434 ], [ -76.961888395712208, 18.426637213828915 ], [ -76.956873792608704, 18.427605611788586 ], [ -76.951970774756418, 18.429000756093036 ], [ -76.950659724370425, 18.429500335279531 ], [ -76.946660175667958, 18.430866609512758 ], [ -76.944921438579314, 18.431287813833539 ], [ -76.942674231888191, 18.431619484882372 ], [ -76.940682420711724, 18.431733816235489 ], [ -76.938755260370172, 18.431664210710924 ], [ -76.936937271647096, 18.43142576018538 ], [ -76.935137135612564, 18.431014847461803 ], [ -76.933387875427954, 18.430437487332 ], [ -76.931706342119028, 18.429699241296134 ], [ -76.930108733787165, 18.428807220711789 ], [ -76.928610439458296, 18.427770018244161 ], [ -76.925757258536777, 18.425354002232844 ], [ -76.921412252948372, 18.422023426080994 ], [ -76.916746308920025, 18.419115268822665 ], [ -76.911804337413571, 18.416657517928027 ], [ -76.906633899595633, 18.414673826250375 ], [ -76.901284750053463, 18.413183284868389 ], [ -76.895808359146386, 18.412200239720029 ], [ -76.890812168882633, 18.411780740947233 ], [ -76.888702556875572, 18.411503440843806 ], [ -76.886902701904006, 18.411092040393502 ], [ -76.885153766596247, 18.410514201488695 ], [ -76.883472598833819, 18.40977549024975 ], [ -76.881875393180835, 18.40888302252138 ], [ -76.880377534767533, 18.407845395279459 ], [ -76.878993451001563, 18.406672603759446 ], [ -76.877736472539084, 18.405375945107423 ], [ -76.876618704858544, 18.403967909485289 ], [ -76.874534996462515, 18.400725695222285 ], [ -76.873905872693811, 18.399629472383001 ], [ -76.870762622983335, 18.395237387445615 ], [ -76.867183728053703, 18.391160491474793 ], [ -76.86320365871984, 18.387438023301637 ], [ -76.86078092991194, 18.385384443252736 ], [ -76.857587314281659, 18.382399846926159 ], [ -76.85739815406869, 18.382239496296194 ], [ -76.855993898333779, 18.381161962358913 ], [ -76.853199002158519, 18.378792621287268 ], [ -76.851091083337749, 18.376617100881298 ], [ -76.847071798890525, 18.372860439254033 ], [ -76.842683072467864, 18.369501830590121 ], [ -76.837967966029794, 18.366574219002917 ], [ -76.832972735786015, 18.364106320476544 ], [ -76.832945033171953, 18.364094254964833 ], [ -76.831357719083584, 18.363215783500994 ], [ -76.829277650973339, 18.361789923606725 ], [ -76.826112107723816, 18.359387663637008 ], [ -76.821495614351733, 18.356533258196386 ], [ -76.816611641714132, 18.354118693748646 ], [ -76.811506002225968, 18.35216661881725 ], [ -76.806226582527273, 18.350695344190889 ], [ -76.803871441825152, 18.350155665925001 ], [ -76.802123344068036, 18.349576981253044 ], [ -76.800443075434032, 18.348837448289018 ], [ -76.798846821792878, 18.34794419080028 ], [ -76.79734995907134, 18.346905813372558 ], [ -76.79596690505447, 18.345732318465014 ], [ -76.794710980450759, 18.344435009991663 ], [ -76.793007504501603, 18.342286201606782 ], [ -76.792053293234417, 18.340944247753022 ], [ -76.790706783738159, 18.338821007068574 ], [ -76.789904945245652, 18.337218898344734 ], [ -76.789268654312323, 18.335539533574682 ], [ -76.789250661212449, 18.33547276272586 ], [ -76.788794704733633, 18.333804126132815 ], [ -76.787200350009428, 18.328923858296729 ], [ -76.7853515615367, 18.324080597658032 ], [ -76.782814696741468, 18.318447091299269 ], [ -76.779628026708167, 18.313123236503341 ], [ -76.779332268573611, 18.312688220337751 ], [ -76.776161898245249, 18.308480131336299 ], [ -76.772585300267679, 18.304580492202806 ], [ -76.768635192478698, 18.301024951796762 ], [ -76.764347700463318, 18.297846012045447 ], [ -76.759762027362683, 18.295072731416493 ], [ -76.754920095842508, 18.292730459836932 ], [ -76.749866165474657, 18.290840607457746 ], [ -76.744646429000724, 18.289420449355749 ], [ -76.73930859112987, 18.288482967939967 ], [ -76.733901433675555, 18.28803673448909 ], [ -76.728474370954658, 18.288085830893205 ], [ -76.723076999457575, 18.288629812310688 ], [ -76.717758645847994, 18.289663711082223 ], [ -76.713339485236773, 18.290735223456455 ], [ -76.711605873441286, 18.290989018632388 ], [ -76.709869161986646, 18.291083577637124 ], [ -76.707672826201517, 18.290999468755516 ], [ -76.705818055623496, 18.290744767097785 ], [ -76.703964501438833, 18.290303566058853 ], [ -76.702527203339471, 18.289809167680492 ], [ -76.696206460831831, 18.288023471588268 ], [ -76.689711668604019, 18.286949729524544 ], [ -76.689390151952395, 18.286914788209881 ], [ -76.685235404603915, 18.286610303502339 ], [ -76.685105196372916, 18.286605343387638 ], [ -76.684464556364745, 18.286548271197269 ], [ -76.684169160075143, 18.28652988503686 ], [ -76.682777665151633, 18.286356274358862 ], [ -76.681919706486312, 18.286255567923867 ], [ -76.681814069155706, 18.286243947506037 ], [ -76.681609363351626, 18.286213459888874 ], [ -76.679872394156632, 18.285837850595492 ], [ -76.678699601596335, 18.285472349213673 ], [ -76.677470951151861, 18.285089430076866 ], [ -76.675027305293867, 18.284013692498132 ], [ -76.6731345406034, 18.282954682010747 ], [ -76.672122563631206, 18.28227087954243 ], [ -76.669602885521968, 18.280322585483315 ], [ -76.667885259963086, 18.278729374250293 ], [ -76.667565719361889, 18.278392079354266 ], [ -76.664663636717947, 18.275482335969766 ], [ -76.664502731634798, 18.275297439634443 ], [ -76.6623614474276, 18.272555773387502 ], [ -76.658757961246835, 18.268391881337582 ], [ -76.654738705434013, 18.264591251720653 ], [ -76.650343597838159, 18.261191611374826 ], [ -76.645616279413147, 18.258226705524663 ], [ -76.640603681341773, 18.255725963498389 ], [ -76.635355559854773, 18.253714207223734 ], [ -76.629924003326536, 18.252211405366328 ], [ -76.624362916490796, 18.251232475525992 ], [ -76.618727486837145, 18.250787136434788 ], [ -76.613073638416353, 18.250879811610709 ], [ -76.607457478402637, 18.251509585416862 ], [ -76.603558852256967, 18.252328916111637 ], [ -76.600849667291627, 18.25275544382318 ], [ -76.598803109525392, 18.252873426745655 ], [ -76.596997913688895, 18.252806294127904 ], [ -76.595214331900792, 18.252573334960065 ], [ -76.593447115154149, 18.252173953155474 ], [ -76.591728340387263, 18.251613903346211 ], [ -76.590073969315256, 18.250898386288448 ], [ -76.588499365093867, 18.250034046513441 ], [ -76.586984192615986, 18.249005172889781 ], [ -76.585489829526878, 18.247771045874504 ], [ -76.584268954702353, 18.246546506452635 ], [ -76.583766880245918, 18.245935251876926 ], [ -76.580199749619538, 18.241997454789786 ], [ -76.576253785639111, 18.238404800060113 ], [ -76.5719654000482, 18.235190423071572 ], [ -76.567374156115974, 18.232383969323799 ], [ -76.562522404049545, 18.230011321574349 ], [ -76.557454890983649, 18.228094361632152 ], [ -76.552218349116075, 18.226650768976988 ], [ -76.546861065749127, 18.225693858042945 ], [ -76.54143243915621, 18.225232455651689 ], [ -76.537328214724766, 18.225072808292555 ], [ -76.535496955221305, 18.224828208518179 ], [ -76.534163529605721, 18.224520352407424 ], [ -76.528112693993833, 18.223451310189294 ], [ -76.521976316311239, 18.223014616398416 ], [ -76.515826523490091, 18.223215408934312 ], [ -76.509735600826502, 18.224051332538753 ], [ -76.508573859567036, 18.224272772359441 ], [ -76.501178722883978, 18.226186280503434 ], [ -76.500134866338684, 18.226530165261703 ], [ -76.49923966139508, 18.226836317146887 ], [ -76.496982436959783, 18.227408637084647 ], [ -76.495199877556729, 18.227679022505924 ], [ -76.493299776269851, 18.227784287372263 ], [ -76.491414374981616, 18.227711159698689 ], [ -76.488691071649527, 18.227346746929172 ], [ -76.487190961942005, 18.227217309742908 ], [ -76.48334626777168, 18.226702740039308 ], [ -76.480756933268992, 18.226104177554035 ], [ -76.476704079963369, 18.224968514585477 ], [ -76.47477703772509, 18.2242832082296 ], [ -76.474035677721986, 18.224040048317832 ], [ -76.472418853056652, 18.223341110618492 ], [ -76.470877994892589, 18.222499946652604 ], [ -76.469426765186711, 18.221524014838565 ], [ -76.467465214497764, 18.219921230527696 ], [ -76.463328408476372, 18.216845330035138 ], [ -76.458912332851483, 18.21414731500721 ], [ -76.454254664356313, 18.211850200117535 ], [ -76.449395135729645, 18.209973580101533 ], [ -76.44437519744622, 18.208533462965388 ], [ -76.439237664966015, 18.207542133719567 ], [ -76.435791076479561, 18.207034075531279 ], [ -76.43429389081021, 18.206652974061644 ], [ -76.430588487558794, 18.205221911501027 ], [ -76.422687949892875, 18.202795994831153 ], [ -76.420534141534134, 18.202297300740984 ], [ -76.416582704733671, 18.200978891318556 ], [ -76.415739055533777, 18.200652224109415 ], [ -76.410393896945735, 18.199146263642994 ], [ -76.404919985539763, 18.198148661119006 ], [ -76.399370099699595, 18.19766903847097 ], [ -76.393797748997983, 18.197712023436672 ], [ -76.392666032262852, 18.197773951490827 ], [ -76.390748215693634, 18.197698859716635 ], [ -76.388932999891281, 18.197454928666271 ], [ -76.387136180825408, 18.197038542391422 ], [ -76.385390725640875, 18.196455815800238 ], [ -76.384283256414051, 18.195964932127929 ], [ -76.379425094288763, 18.194067241197033 ], [ -76.37440430344013, 18.192606680422859 ], [ -76.371007463373047, 18.191780441500956 ], [ -76.367827344723366, 18.190679240776227 ], [ -76.367091105453767, 18.190429756422539 ], [ -76.365483305386476, 18.189896802190894 ], [ -76.363469005574899, 18.189296508044229 ], [ -76.357350175535686, 18.186924626341391 ], [ -76.354745307013459, 18.185985277547768 ], [ -76.352544310604429, 18.185249989191043 ], [ -76.350867262604126, 18.184506231335224 ], [ -76.349274574751789, 18.183608920781879 ], [ -76.347131397949042, 18.182112810239961 ], [ -76.346948954256519, 18.18195706881944 ], [ -76.342642712786329, 18.178627516099848 ], [ -76.338017421166455, 18.175715174563518 ], [ -76.333117159970143, 18.173247794123807 ], [ -76.329061120071458, 18.171441387742821 ], [ -76.327571500120328, 18.170605606811257 ], [ -76.326238914652492, 18.169687894786392 ], [ -76.324660705035868, 18.168359233483898 ], [ -76.32335670848326, 18.167010160962903 ], [ -76.322959031645254, 18.166503158324897 ], [ -76.322268826357814, 18.16564130929957 ], [ -76.319133087822209, 18.161805774753784 ], [ -76.318163949310801, 18.160318891337294 ], [ -76.317363170978552, 18.158827198116441 ], [ -76.316689538849914, 18.157490480212108 ], [ -76.316181332972789, 18.15648200860835 ], [ -76.315498199112909, 18.154697168451591 ], [ -76.313331671884001, 18.149796158820994 ], [ -76.310673235246, 18.145121720746332 ], [ -76.307548515416556, 18.140718850480997 ], [ -76.30481986546549, 18.137252943440856 ], [ -76.303858438446795, 18.135743676177817 ], [ -76.303056383013129, 18.134151572055856 ], [ -76.30242142028473, 18.132491966122352 ], [ -76.301959661373928, 18.130780843202842 ], [ -76.301880533949927, 18.130294529612726 ], [ -76.300759953754863, 18.125096826105121 ], [ -76.299113384736813, 18.12002875062997 ], [ -76.29695664079361, 18.115138843926776 ], [ -76.294310417051676, 18.110473936705528 ], [ -76.291200090385573, 18.106078701683234 ], [ -76.289897763367563, 18.104578423234038 ], [ -76.286713536715666, 18.100493318224089 ], [ -76.282674211284359, 18.095870810397351 ], [ -76.281730146779367, 18.09490493927462 ], [ -76.280589930713944, 18.093705134700375 ], [ -76.279503742632016, 18.092562159062947 ], [ -76.277019888651083, 18.089292689600164 ], [ -76.275311522093205, 18.0871573132397 ], [ -76.273961377700559, 18.085553659825646 ], [ -76.273846095246569, 18.085417182170776 ], [ -76.273480788144241, 18.084986138313173 ], [ -76.272719958793786, 18.083971754274117 ], [ -76.272621220507588, 18.083848203125292 ], [ -76.270199365994202, 18.080141661725204 ], [ -76.270197724476972, 18.080142642804123 ], [ -76.26968154072307, 18.079315349923714 ], [ -76.268448050702347, 18.077470030298926 ], [ -76.268170412778588, 18.076989551285632 ], [ -76.266016218989222, 18.073528981513228 ], [ -76.265028814135093, 18.071526131147586 ], [ -76.26321581547144, 18.0673590672668 ], [ -76.260519413935896, 18.062576673536679 ], [ -76.259442198916801, 18.061053740007694 ], [ -76.257482733042465, 18.057974441602799 ], [ -76.256681484783954, 18.056382083867071 ], [ -76.25604727797591, 18.054722267513053 ], [ -76.255586216461197, 18.0530109793749 ], [ -76.255302735941839, 18.051264701613871 ], [ -76.255256328844965, 18.050471073115155 ], [ -76.25472618810953, 18.045510381755044 ], [ -76.253721917630799, 18.040617251303495 ], [ -76.253692153829945, 18.040500834018772 ], [ -76.253353216678491, 18.038311188712694 ], [ -76.252561855028404, 18.034265184864893 ], [ -76.251451978594844, 18.030288263021404 ], [ -76.25114407617842, 18.029332168162096 ], [ -76.249287546533125, 18.024421230000499 ], [ -76.246945920329836, 18.019703909811735 ], [ -76.244140947343183, 18.015223950725503 ], [ -76.240898668002572, 18.011022892063441 ], [ -76.238838390490798, 18.008606079595861 ], [ -76.2366580219838, 18.00619650408624 ], [ -76.235212005844119, 18.004690264962917 ], [ -76.23341204572624, 18.002400093678908 ], [ -76.23022877324361, 17.998701873546519 ], [ -76.226716875036587, 17.995286904834749 ], [ -76.222903770366415, 17.992181834905807 ], [ -76.221255296770252, 17.990955321458031 ], [ -76.220791035195774, 17.990628357388193 ], [ -76.220297143188404, 17.990242411847582 ], [ -76.219226423035892, 17.98944573473414 ], [ -76.218736488681387, 17.989014497061738 ], [ -76.217095029031597, 17.987312651199307 ], [ -76.216028633591407, 17.985963369792078 ], [ -76.215981975903048, 17.985890747173841 ], [ -76.215079847893861, 17.984486571538561 ], [ -76.214828592305849, 17.983995036008736 ], [ -76.214144901874619, 17.982657504282464 ], [ -76.214051266986445, 17.982415930609552 ], [ -76.213799836853227, 17.981767248698482 ], [ -76.212938615565733, 17.979545282446761 ], [ -76.210741898816991, 17.974634193320856 ], [ -76.208050985169905, 17.969953764883549 ], [ -76.204892019479146, 17.965549409543776 ], [ -76.201295681093086, 17.961463858311973 ], [ -76.197296885481521, 17.957736746880791 ], [ -76.192934445109771, 17.954404231775435 ], [ -76.188250692858418, 17.951498640265104 ], [ -76.186919414297179, 17.950840892864015 ], [ -76.183539112077327, 17.948972841750749 ], [ -76.182063866872639, 17.94796479622784 ], [ -76.179998809466298, 17.946243866847123 ], [ -76.178287065050611, 17.944552888270806 ], [ -76.177503878449826, 17.943662144914136 ], [ -76.177440739545005, 17.943580569322055 ], [ -76.173768792414549, 17.939310112222291 ], [ -76.172512001387787, 17.938119712982495 ], [ -76.169850462050007, 17.935348526412923 ], [ -76.168739161463961, 17.933934909564456 ], [ -76.16777814665528, 17.932423731321347 ], [ -76.166976690250394, 17.930829578554139 ], [ -76.166260019197026, 17.928951644143062 ], [ -76.164772312801873, 17.924357825110508 ], [ -76.164661529359194, 17.924066630746431 ], [ -76.164203343790419, 17.922357853946686 ], [ -76.163922019152949, 17.920614359840691 ], [ -76.163821743401869, 17.918878727125634 ], [ -76.163908527962434, 17.916978918482659 ], [ -76.164179901663744, 17.915196400670826 ], [ -76.164639555836928, 17.913439192869188 ], [ -76.166225109400443, 17.90922887790477 ], [ -76.167969581491761, 17.903684755820901 ], [ -76.168317227044128, 17.902319776883154 ], [ -76.168928193149739, 17.900652100018544 ], [ -76.170880690590977, 17.896634670887462 ], [ -76.170831619463257, 17.896612810216205 ], [ -76.171351317027856, 17.895644565142202 ], [ -76.172249470880374, 17.893696566770853 ], [ -76.173218207287903, 17.892074895428021 ], [ -76.174357253743182, 17.890558081613072 ], [ -76.175712673711146, 17.889099693465504 ], [ -76.17704249281195, 17.887930351382423 ], [ -76.178512081637152, 17.886872946324747 ], [ -76.181987486627293, 17.884849714956378 ], [ -76.186588532376987, 17.88186545043661 ], [ -76.18930572940458, 17.879910075301925 ], [ -76.190222628467055, 17.879292278329789 ], [ -76.190267067049149, 17.879353822888973 ], [ -76.19375431537577, 17.877045186593143 ], [ -76.195206485231978, 17.876258226604367 ], [ -76.197414505106678, 17.875303183302069 ], [ -76.203525771376889, 17.872216781738455 ], [ -76.204477155106147, 17.871662730220784 ], [ -76.207334208255972, 17.869836097103434 ], [ -76.209883796744123, 17.868426068260906 ], [ -76.210030529666469, 17.86836038559267 ], [ -76.213749012017601, 17.866644143288919 ], [ -76.216248791646578, 17.865767498793485 ], [ -76.221908497563575, 17.863440939485255 ], [ -76.223794158289252, 17.862546473584807 ], [ -76.224065439454463, 17.862435487193192 ], [ -76.226824817964896, 17.86147041570289 ], [ -76.232586635542447, 17.859101115013186 ], [ -76.234278690176751, 17.858296256150396 ], [ -76.235254194416896, 17.857806814989299 ], [ -76.236515249428933, 17.857257966299482 ], [ -76.23653970005941, 17.857250303418649 ], [ -76.238356077779557, 17.856648161521658 ], [ -76.238731286584155, 17.85651690332217 ], [ -76.240112067476105, 17.856130676396141 ], [ -76.240930538359549, 17.855874145846158 ], [ -76.24090730987723, 17.855806180333619 ], [ -76.242855687519892, 17.855251942867312 ], [ -76.246086409409912, 17.854123767113318 ], [ -76.247870518272777, 17.853684451569485 ], [ -76.249690944155091, 17.853414399026398 ], [ -76.251215219320827, 17.853333019201216 ], [ -76.256490951928001, 17.852813005444148 ], [ -76.259984492693363, 17.852309276020407 ], [ -76.261959066222687, 17.852206462591962 ], [ -76.263927036163068, 17.852270861858766 ], [ -76.267819628043583, 17.852545632175271 ], [ -76.272744681165818, 17.852482090739191 ], [ -76.277645301628553, 17.852008737422537 ], [ -76.282484367498441, 17.851129159973073 ], [ -76.284772775365425, 17.850613481357335 ], [ -76.288104255549683, 17.849759356762689 ], [ -76.292675378170401, 17.848443175766565 ], [ -76.29471580073654, 17.848065279157463 ], [ -76.297345575503854, 17.847780326881541 ], [ -76.301135305824658, 17.847087535267125 ], [ -76.301508309443179, 17.847044699815715 ], [ -76.305860841169149, 17.84637931298149 ], [ -76.307734621200638, 17.845947424644049 ], [ -76.311534831386155, 17.84533062318603 ], [ -76.314731818687036, 17.844999094455659 ], [ -76.315235634459953, 17.844923661387156 ], [ -76.320213574406793, 17.843957420587188 ], [ -76.325080978879825, 17.842567672164943 ], [ -76.326686266196731, 17.841954499015255 ], [ -76.329869675915674, 17.840904553660941 ], [ -76.331563754919998, 17.840509331395232 ], [ -76.333295155387177, 17.840265125032008 ], [ -76.335992152765556, 17.839748182392643 ], [ -76.340096358635535, 17.839122257885634 ], [ -76.341894686721844, 17.839024808515589 ], [ -76.344855631623432, 17.839142128191675 ], [ -76.347609791863817, 17.839390185475565 ], [ -76.347967672553381, 17.839444372036368 ], [ -76.353964249191179, 17.840040942215815 ], [ -76.358135431534464, 17.840028689299913 ], [ -76.360981844156285, 17.840134458671177 ], [ -76.362910761780171, 17.840381772713279 ], [ -76.367643297366556, 17.84120854276091 ], [ -76.372853720081878, 17.841648673591571 ], [ -76.373711516829871, 17.841682986197441 ], [ -76.375538669180429, 17.841929424701192 ], [ -76.377331808060944, 17.84234617946203 ], [ -76.379073669482636, 17.842929237728992 ], [ -76.38311884977638, 17.844726650616003 ], [ -76.383439682770486, 17.844887922943368 ], [ -76.383602889687822, 17.84496038872998 ], [ -76.388945963478378, 17.847750586403603 ], [ -76.394544116618292, 17.850303375914475 ], [ -76.400400319708297, 17.852254390355697 ], [ -76.406444273608741, 17.853580211884552 ], [ -76.409796193998233, 17.854132430584801 ], [ -76.416306968427804, 17.854836466824572 ], [ -76.422859075652667, 17.85481518830975 ], [ -76.425237882719102, 17.85467533826959 ], [ -76.430619095526339, 17.854110550752736 ], [ -76.435919314167108, 17.853056014195655 ], [ -76.435978631070284, 17.853041346780373 ], [ -76.438166635001309, 17.852714601692295 ], [ -76.439128031001204, 17.852633513055313 ], [ -76.442898959653704, 17.852192876552607 ], [ -76.445204621068527, 17.851847884244364 ], [ -76.448832147517876, 17.851650242973992 ], [ -76.450579182293282, 17.8516368054865 ], [ -76.454226453928797, 17.851284257173326 ], [ -76.457639819561194, 17.851107055256435 ], [ -76.461190422597937, 17.851087655649348 ], [ -76.466763042593655, 17.850526600468456 ], [ -76.472250381788456, 17.849440580119168 ], [ -76.473062195470476, 17.849239313819041 ], [ -76.476199588422162, 17.848616973286585 ], [ -76.481503044347249, 17.847032269113516 ], [ -76.486618649639297, 17.844957233302587 ], [ -76.491497107193453, 17.842411868474677 ], [ -76.496091411686336, 17.839420709015275 ], [ -76.498897938319971, 17.837393649461053 ], [ -76.500472824728647, 17.836473064032518 ], [ -76.502134326119844, 17.835704741986127 ], [ -76.503866444319911, 17.83509608047115 ], [ -76.505652501883972, 17.834652939304352 ], [ -76.507475302563137, 17.834379584610552 ], [ -76.50981019701257, 17.834251635104323 ], [ -76.514479048813257, 17.833809184809098 ], [ -76.519093563125253, 17.832997847400119 ], [ -76.520378128595411, 17.8327188168963 ], [ -76.522033981920814, 17.832333936504796 ], [ -76.523976218307084, 17.831852711799684 ], [ -76.525795812584249, 17.831580127744161 ], [ -76.527564130198897, 17.831483210734135 ], [ -76.531553226449105, 17.83164878133362 ], [ -76.531927245764194, 17.831663114596228 ], [ -76.533577781729221, 17.831721123660234 ], [ -76.535233581726587, 17.831854688761624 ], [ -76.535598000428223, 17.831869226002564 ], [ -76.537453079372114, 17.832110812192763 ], [ -76.53906983336293, 17.832470011011353 ], [ -76.540694559668026, 17.832983831010274 ], [ -76.542134507337849, 17.83358309655312 ], [ -76.544540234380349, 17.834859439292156 ], [ -76.546161450153605, 17.83595920099658 ], [ -76.546416328970551, 17.836131089676584 ], [ -76.552177770595435, 17.839993702796335 ], [ -76.552763559907504, 17.840428091602892 ], [ -76.557480482416992, 17.843263017846798 ], [ -76.562465554936637, 17.845640222749868 ], [ -76.567670501442905, 17.84753668462459 ], [ -76.573044911514884, 17.848934037834407 ], [ -76.578536729700716, 17.849818751016311 ], [ -76.584092761000605, 17.850182258359538 ], [ -76.58965918750836, 17.850021042656849 ], [ -76.594268805605054, 17.849669492457547 ], [ -76.596116967744365, 17.849756047877754 ], [ -76.598609154076499, 17.850152903705059 ], [ -76.600548711725736, 17.850661600880823 ], [ -76.602147161555706, 17.851248410270081 ], [ -76.603757615062122, 17.852015884581721 ], [ -76.60528414333848, 17.852927194341678 ], [ -76.606712780873693, 17.853974002785662 ], [ -76.608030457021442, 17.855146733534859 ], [ -76.610872284521776, 17.858210375120617 ], [ -76.615019955969714, 17.862237243583355 ], [ -76.61958336030078, 17.865828250168342 ], [ -76.624512808854448, 17.86894428077143 ], [ -76.627932061116823, 17.870868166722424 ], [ -76.629423748611501, 17.871908328524086 ], [ -76.630801798358831, 17.873083475389127 ], [ -76.632052940053669, 17.874382292458627 ], [ -76.633165124538493, 17.875792273955788 ], [ -76.634127639842347, 17.877299843525879 ], [ -76.635651466887595, 17.880316164139714 ], [ -76.638234296199357, 17.884861363387103 ], [ -76.641258077990187, 17.88915002379812 ], [ -76.644695278080704, 17.893143053708645 ], [ -76.648514587560214, 17.896804054236487 ], [ -76.649761429276566, 17.897790269767953 ], [ -76.652479432077016, 17.900128147575899 ], [ -76.653069194247095, 17.900739420739107 ], [ -76.653263256234766, 17.90093171658657 ], [ -76.654426985294847, 17.902051714219748 ], [ -76.654452168980356, 17.902075255109811 ], [ -76.655891703672793, 17.90335820096001 ], [ -76.656807823782472, 17.904285831089712 ], [ -76.658271035129587, 17.905627742328925 ], [ -76.662468005184834, 17.909115084571166 ], [ -76.667001979273692, 17.912191662627208 ], [ -76.671829268359232, 17.914827824108016 ], [ -76.676903350009795, 17.916998161108442 ], [ -76.682175317570724, 17.918681755610976 ], [ -76.687546081548632, 17.919851865630218 ], [ -76.688780220561569, 17.920186834793537 ], [ -76.690334625644027, 17.920749438315827 ], [ -76.693609832182645, 17.922227969147499 ], [ -76.697324525943657, 17.923752163663593 ], [ -76.699798546709886, 17.924668646315524 ], [ -76.703388919585606, 17.925805737940831 ], [ -76.703387770649556, 17.925808995752938 ], [ -76.704041071372387, 17.926020121214663 ], [ -76.704043562310389, 17.92601305807554 ], [ -76.705141065288799, 17.926360622323099 ], [ -76.706209263360279, 17.926643378475799 ], [ -76.708606773002757, 17.927384851318827 ], [ -76.715061349229941, 17.928612884959882 ], [ -76.718754571694603, 17.929104005720085 ], [ -76.72429015779079, 17.929576443173019 ], [ -76.729847454273624, 17.929527064347706 ], [ -76.735372892691004, 17.928956349368796 ], [ -76.740813213365541, 17.927869803504137 ], [ -76.746115980118802, 17.926277903799004 ], [ -76.751230086918326, 17.924195997672207 ], [ -76.756106251503851, 17.921644154470222 ], [ -76.760697491182796, 17.918646971434264 ], [ -76.764959576166802, 17.915233335978417 ], [ -76.768851456050427, 17.911436146600995 ], [ -76.772335655304758, 17.907291995151638 ], [ -76.775378633971627, 17.902840813549226 ], [ -76.777951110093724, 17.898125488387233 ], [ -76.77861772280221, 17.896542113260747 ], [ -76.779316647712434, 17.895091620230904 ], [ -76.781072947548566, 17.890919760875786 ], [ -76.782025947041319, 17.888941859055663 ], [ -76.782959464376077, 17.887417774324163 ], [ -76.784044492741742, 17.885988632995392 ], [ -76.785270580601647, 17.884668196232973 ], [ -76.786625918943315, 17.88346917812046 ], [ -76.788097455048259, 17.882403123311516 ], [ -76.789671018199115, 17.881480295946279 ], [ -76.791331456113781, 17.880709580899794 ], [ -76.79306278079342, 17.880098398310039 ], [ -76.794848322383388, 17.879652632204824 ], [ -76.79511103520926, 17.879612841041492 ], [ -76.800549355302451, 17.878524782962796 ], [ -76.805850007405596, 17.876931423046262 ], [ -76.81096190608416, 17.874848122864083 ], [ -76.815835790582341, 17.872294965248649 ], [ -76.815988835321917, 17.872205177918925 ], [ -76.817836488837884, 17.871040003959138 ], [ -76.819278792581713, 17.870248107707688 ], [ -76.819770679402978, 17.869968854270326 ], [ -76.819983572283675, 17.869861142533761 ], [ -76.820254546437596, 17.869712360834374 ], [ -76.821888882545977, 17.868944778856562 ], [ -76.823583690257919, 17.868087329406137 ], [ -76.825373683599963, 17.867396663157546 ], [ -76.82765327678699, 17.866769398068236 ], [ -76.829584740850336, 17.866450636080057 ], [ -76.832127554171478, 17.866295974792159 ], [ -76.836701009066829, 17.8664682379932 ], [ -76.842256271349854, 17.866416088062724 ], [ -76.847779399681627, 17.865842594098563 ], [ -76.853217151748737, 17.864753288937649 ], [ -76.85851711135652, 17.863158677451974 ], [ -76.863628194920551, 17.861074134857638 ], [ -76.868501144910852, 17.858519757979479 ], [ -76.873089005440463, 17.855520170929083 ], [ -76.877347575372895, 17.85210428709772 ], [ -76.881235834551262, 17.848305029789387 ], [ -76.884716339024621, 17.844159014219414 ], [ -76.887755581460326, 17.839706193976692 ], [ -76.888691683149673, 17.838175566587854 ], [ -76.890468114007675, 17.835832415904779 ], [ -76.893233554194012, 17.832178199623808 ], [ -76.894394525598941, 17.830926105805379 ], [ -76.897882898695372, 17.8267686141421 ], [ -76.900927641804955, 17.822302853129138 ], [ -76.902592561335098, 17.819240127728509 ], [ -76.904095191347608, 17.816777069452431 ], [ -76.905245293186553, 17.81523899781623 ], [ -76.905600767246852, 17.814847172205344 ], [ -76.907347527249115, 17.812921752705602 ], [ -76.909118874842804, 17.811352125894633 ], [ -76.909775114427546, 17.810761255938619 ], [ -76.91103372790154, 17.809609792153388 ], [ -76.91229132426453, 17.808558243167248 ], [ -76.914357840815228, 17.806657526810817 ], [ -76.915846124487743, 17.805540876839846 ], [ -76.917443988372284, 17.804573116170591 ], [ -76.919135261073833, 17.803764037659594 ], [ -76.920902826771894, 17.803121828192641 ], [ -76.922728798343726, 17.802652985918339 ], [ -76.925978373380545, 17.802146648146305 ], [ -76.930806504503323, 17.801185701080456 ], [ -76.933184256827474, 17.800607826751317 ], [ -76.937331404813094, 17.799994318806874 ], [ -76.938264300812421, 17.799898058056268 ], [ -76.943726473845302, 17.798804794357622 ], [ -76.94904957402882, 17.797201324623693 ], [ -76.954181795406939, 17.795103260167181 ], [ -76.957103206014025, 17.793742057449901 ], [ -76.958834597495908, 17.793128275983726 ], [ -76.959437609723238, 17.792976980052774 ], [ -76.962771374530305, 17.792004467200929 ], [ -76.963762240345247, 17.791769859211573 ], [ -76.969146691329172, 17.790219205600451 ], [ -76.974343783584416, 17.788164125803625 ], [ -76.979302165624915, 17.785624933235081 ], [ -76.983972851508952, 17.782626723993971 ], [ -76.988309705487694, 17.779199128158758 ], [ -76.992269898139398, 17.775376016257162 ], [ -76.995814329463911, 17.771195163848205 ], [ -76.998908014752772, 17.766697877566752 ], [ -77.001520429434976, 17.761928586360682 ], [ -77.003625809517928, 17.756934401991501 ], [ -77.005203404696616, 17.75176465316941 ], [ -77.00544124845085, 17.750811764234825 ], [ -77.006043801214716, 17.749142117902448 ], [ -77.006814230584297, 17.747537102575954 ], [ -77.007745113030026, 17.746012173880487 ], [ -77.008827480561635, 17.744582015797533 ], [ -77.010050907212843, 17.743260399323603 ], [ -77.011403609532351, 17.74206004993291 ], [ -77.012872560110139, 17.740992525116667 ], [ -77.013289011755759, 17.740747483202959 ], [ -77.017871000221675, 17.737745043558494 ], [ -77.022123657484443, 17.734326606070155 ], [ -77.02600602479194, 17.730525115353625 ], [ -77.027256491694061, 17.729032399277013 ], [ -77.029659837853217, 17.726435447885191 ], [ -77.031012280501145, 17.725234987307594 ], [ -77.032480972374756, 17.724167339554825 ], [ -77.034051770055328, 17.723242784112067 ], [ -77.035709547796344, 17.722470222486074 ], [ -77.037438343119646, 17.721857092573391 ], [ -77.039221510434388, 17.721409297117251 ], [ -77.041149678577185, 17.721114675098949 ], [ -77.046714705047961, 17.71998663382502 ], [ -77.05213324637262, 17.71832842511607 ], [ -77.057350452706828, 17.716156840951921 ], [ -77.062313518504197, 17.713493869323866 ], [ -77.066972217931664, 17.710366470942489 ], [ -77.071279413824357, 17.70680630555816 ], [ -77.072171572455261, 17.705990366434477 ], [ -77.074504799752134, 17.70424998883264 ], [ -77.077892040765761, 17.701512499066528 ], [ -77.079747500550781, 17.699889526020293 ], [ -77.081207850666061, 17.698841748631935 ], [ -77.082767338866176, 17.697934684832596 ], [ -77.084411257319545, 17.697176888015125 ], [ -77.084821547718605, 17.697032835716133 ], [ -77.091856758199498, 17.694027117629613 ], [ -77.096118010106181, 17.691861649829775 ], [ -77.098483095921637, 17.690843695881572 ], [ -77.099718016019494, 17.690267619296229 ], [ -77.102543167494957, 17.689264479018 ], [ -77.1070437937381, 17.687855507517682 ], [ -77.112520870119425, 17.685423189714015 ], [ -77.114528368855915, 17.684613583859708 ], [ -77.115931604273428, 17.684192258880625 ], [ -77.11838891491611, 17.68339462900126 ], [ -77.122725721880883, 17.68187966297101 ], [ -77.124419723116461, 17.681462494780988 ], [ -77.125309627916295, 17.681328862191855 ], [ -77.129803572615174, 17.680473853128692 ], [ -77.131127545754694, 17.680168011004689 ], [ -77.133129676999985, 17.679884988154843 ], [ -77.133570019347545, 17.679855914145325 ], [ -77.13884671185717, 17.679267645408633 ], [ -77.140503012846509, 17.678929584806667 ], [ -77.144035342343656, 17.678387925486511 ], [ -77.145950296452241, 17.678276802756525 ], [ -77.146582687850724, 17.678304076454673 ], [ -77.146992405414878, 17.678320318653146 ], [ -77.153885835467591, 17.678569460905258 ], [ -77.154797811890361, 17.678645607096122 ], [ -77.154832943332153, 17.678646884846568 ], [ -77.155983186291465, 17.678743451554435 ], [ -77.161551001063302, 17.678683748927831 ], [ -77.165260444352995, 17.678468456017161 ], [ -77.166228337294044, 17.678460616199175 ], [ -77.167688702889407, 17.678420113361724 ], [ -77.167688108994696, 17.678400438710181 ], [ -77.169198660158358, 17.67838378853445 ], [ -77.173427128192202, 17.678181357541973 ], [ -77.178892487209907, 17.6776635604262 ], [ -77.184279582896579, 17.676639746280422 ], [ -77.18953754309068, 17.675119588629467 ], [ -77.19461671928255, 17.673117447671299 ], [ -77.199469156438482, 17.670652234155614 ], [ -77.204049046597575, 17.667747230222535 ], [ -77.208244543685183, 17.664483253558195 ], [ -77.20997561940726, 17.663286790098127 ], [ -77.213020012231752, 17.660946682300285 ], [ -77.215424616258261, 17.659278699348683 ], [ -77.216056389733794, 17.658915714597022 ], [ -77.218609529628438, 17.657401156666573 ], [ -77.22024705184576, 17.656629405636476 ], [ -77.221954962956119, 17.656013669234479 ], [ -77.22371713730675, 17.655559760310659 ], [ -77.225060445043965, 17.655344960677382 ], [ -77.227363820752743, 17.654976620684021 ], [ -77.229413100409175, 17.654856844605231 ], [ -77.231536552918939, 17.654929083986143 ], [ -77.233311450610216, 17.655160974498791 ], [ -77.235103882388572, 17.655569879595838 ], [ -77.237258019221926, 17.656281355291984 ], [ -77.242585406755879, 17.657764756822402 ], [ -77.248038849284271, 17.658740238259305 ], [ -77.249291057573345, 17.658844056020619 ], [ -77.24937463082945, 17.658854870314574 ], [ -77.254058769142461, 17.659455509178496 ], [ -77.255787671858045, 17.659849387632732 ], [ -77.256653692142621, 17.660135069256125 ], [ -77.262150379115326, 17.661654726184626 ], [ -77.267779175560378, 17.662633840690123 ], [ -77.272690257920829, 17.66324382775807 ], [ -77.274306558180669, 17.663612185779506 ], [ -77.278033794540505, 17.664842303443269 ], [ -77.279313609677004, 17.665333067525985 ], [ -77.284655473603195, 17.66681709152672 ], [ -77.290123645427386, 17.667790559140695 ], [ -77.295665150886535, 17.66824404504553 ], [ -77.299565771067449, 17.668194343439566 ], [ -77.302135291747476, 17.668277484607405 ], [ -77.306375009968747, 17.668808099812917 ], [ -77.308833859074838, 17.669368649868602 ], [ -77.314292404480526, 17.670344216135774 ], [ -77.319824470229818, 17.67080155555001 ], [ -77.325376636596815, 17.670736257490677 ], [ -77.32554515952333, 17.670726323380443 ], [ -77.327506075056107, 17.670791184156968 ], [ -77.329259746557327, 17.671014015317695 ], [ -77.331016660396642, 17.671404554084614 ], [ -77.332726397332664, 17.671954850460079 ], [ -77.334373190462742, 17.672659829260358 ], [ -77.335941852943279, 17.673512988860967 ], [ -77.33741791794013, 17.674506461120444 ], [ -77.338996554957831, 17.675802488331065 ], [ -77.342362521123619, 17.678858175034911 ], [ -77.343187611840804, 17.679540894660015 ], [ -77.343323870543571, 17.679665866264447 ], [ -77.347618142890568, 17.682904488498689 ], [ -77.352218654529622, 17.685730467710073 ], [ -77.357082405836294, 17.688117387801071 ], [ -77.362163931031361, 17.69004293712301 ], [ -77.367415724067101, 17.691489117441662 ], [ -77.372788683797168, 17.69244241247652 ], [ -77.374187981645463, 17.692624135434222 ], [ -77.375980952234073, 17.69303167435055 ], [ -77.37772362356769, 17.693605687248898 ], [ -77.379399217343021, 17.694340647103683 ], [ -77.380991600630693, 17.695229477320844 ], [ -77.381398553276284, 17.695511201323789 ], [ -77.385480621657877, 17.698087257160534 ], [ -77.38977965148942, 17.7003156623833 ], [ -77.394263495101669, 17.702179753492853 ], [ -77.395433732611451, 17.702554898636418 ], [ -77.395617523454035, 17.702624047269971 ], [ -77.396514335990588, 17.702953059898128 ], [ -77.400406115450153, 17.704344567477307 ], [ -77.405382136013543, 17.706366876460336 ], [ -77.411009466238085, 17.708016891971596 ], [ -77.416785313696352, 17.709097177310902 ], [ -77.421440071086877, 17.709493323354391 ], [ -77.426676783465908, 17.710175908949573 ], [ -77.42667963700552, 17.710155796898089 ], [ -77.428851658472169, 17.710469972545315 ], [ -77.433716192369175, 17.710766576681912 ], [ -77.438589287115988, 17.710660382073581 ], [ -77.443434690785494, 17.71015218269266 ], [ -77.447132579722066, 17.709608771968515 ], [ -77.448855595451207, 17.709510584120178 ], [ -77.450768046097352, 17.709572805315549 ], [ -77.45346578485497, 17.709909956723045 ], [ -77.458891652280073, 17.710334616562996 ], [ -77.459575252918697, 17.710356442518144 ], [ -77.461302759088099, 17.71056621071838 ], [ -77.463002581322499, 17.710928374133569 ], [ -77.464660118010627, 17.711439821228183 ], [ -77.465918818467102, 17.711955828467648 ], [ -77.469136824627185, 17.713681163167017 ], [ -77.469860570733545, 17.71417615070051 ], [ -77.474558691957384, 17.717064766322036 ], [ -77.479531236326025, 17.71949517998128 ], [ -77.484729704993953, 17.721443688464475 ], [ -77.490103390730738, 17.722891289383341 ], [ -77.495599873710418, 17.723823866824699 ], [ -77.49588323539075, 17.723858217883635 ], [ -77.497583215621319, 17.724220056880991 ], [ -77.500041505311728, 17.724978016682403 ], [ -77.502572316706235, 17.72606297816407 ], [ -77.504146037224984, 17.726920601585391 ], [ -77.506452761663724, 17.728477090985784 ], [ -77.50904666836901, 17.730416624680558 ], [ -77.513555041551257, 17.733173340289884 ], [ -77.518315138903347, 17.735509415767623 ], [ -77.52263021533129, 17.737385671719348 ], [ -77.524164300201718, 17.738240193900658 ], [ -77.525659205911467, 17.739273096477934 ], [ -77.526989079326327, 17.740397298358406 ], [ -77.527386122648053, 17.740807924437906 ], [ -77.527922898059074, 17.741323877718322 ], [ -77.528310918384022, 17.741746381212423 ], [ -77.529202037542788, 17.742693956084544 ], [ -77.52956671131119, 17.743072668529457 ], [ -77.529961727993182, 17.743540910922405 ], [ -77.53234380926817, 17.74671831731693 ], [ -77.536641908488065, 17.751777935261636 ], [ -77.541543696363533, 17.756305750869846 ], [ -77.542507544336573, 17.757094466123057 ], [ -77.543760365544983, 17.758337560944657 ], [ -77.543888644483502, 17.758492102706871 ], [ -77.545322893399245, 17.760095438524033 ], [ -77.547179901557087, 17.762494795064555 ], [ -77.548639196763531, 17.764175203845831 ], [ -77.550188048895222, 17.766120368352507 ], [ -77.552510161284985, 17.768757435365334 ], [ -77.55421998124433, 17.77090458908204 ], [ -77.555781674648955, 17.773325546002557 ], [ -77.559212211017481, 17.77806024120272 ], [ -77.563148467952587, 17.782418927110236 ], [ -77.567545907014363, 17.786352254875059 ], [ -77.572115313811054, 17.79002339197239 ], [ -77.572783689822231, 17.790634534595558 ], [ -77.57469838841368, 17.792260529810406 ], [ -77.578936121035255, 17.795524495779368 ], [ -77.583481587766556, 17.798383417872799 ], [ -77.588292753109087, 17.800810854902895 ], [ -77.58993227941771, 17.801453834540695 ], [ -77.591058447664182, 17.801963972844749 ], [ -77.596057987583023, 17.803954019390879 ], [ -77.602264367414662, 17.806096681308833 ], [ -77.602448193233911, 17.806169010658916 ], [ -77.606151642713598, 17.80778689416638 ], [ -77.607878146000118, 17.808747111207975 ], [ -77.609230649846495, 17.809639809339807 ], [ -77.611298363711512, 17.810944436016594 ], [ -77.612760829927097, 17.812083898198065 ], [ -77.615358794802418, 17.814561750632976 ], [ -77.61641777787969, 17.815685037709009 ], [ -77.620365005880373, 17.819148573818328 ], [ -77.624636516310801, 17.822239086811212 ], [ -77.629194036431869, 17.824928880209811 ], [ -77.63399672476892, 17.827193848741963 ], [ -77.639001537769161, 17.829013694794458 ], [ -77.644163616411007, 17.830372110659063 ], [ -77.649436689263013, 17.831256924922098 ], [ -77.654773488335636, 17.831660211673935 ], [ -77.660126173949052, 17.831578361552779 ], [ -77.665903434856645, 17.831227470852618 ], [ -77.667595762960474, 17.831201794749777 ], [ -77.669505177200875, 17.831087406376078 ], [ -77.672363694427673, 17.831187226049828 ], [ -77.676363201856574, 17.831699567108249 ], [ -77.678157906726184, 17.832104069044373 ], [ -77.679902581785598, 17.83267508957865 ], [ -77.681580429533227, 17.833407130446219 ], [ -77.683026706933674, 17.834210597166649 ], [ -77.687953261925543, 17.836646529814338 ], [ -77.693105238006311, 17.838608708089264 ], [ -77.698433104227021, 17.840078271823852 ], [ -77.703885635227238, 17.841041097345599 ], [ -77.704000847922259, 17.841055892445997 ], [ -77.709387861482853, 17.841497917142071 ], [ -77.714794314224378, 17.841445225989553 ], [ -77.717548621721718, 17.841165063281618 ], [ -77.721489115471144, 17.840934896666862 ], [ -77.727175697687855, 17.840324908754226 ], [ -77.732768755145713, 17.839167686528651 ], [ -77.737390467948785, 17.837974088141369 ], [ -77.739117151616696, 17.837703966930111 ], [ -77.740963063727875, 17.83759111559942 ], [ -77.742837519577208, 17.837652550404755 ], [ -77.744659118571491, 17.837885221943917 ], [ -77.746453949610213, 17.838289065640446 ], [ -77.748198816080986, 17.838859436982951 ], [ -77.749876918654039, 17.839590843943295 ], [ -77.751472100364154, 17.840476244088496 ], [ -77.752969002054328, 17.841507112348932 ], [ -77.754353210165576, 17.842673523049942 ], [ -77.75561139545411, 17.843964245419045 ], [ -77.756731441303742, 17.845366851652358 ], [ -77.756925755009661, 17.845667190297533 ], [ -77.75995896027591, 17.849894300176956 ], [ -77.763396137477898, 17.853827680377726 ], [ -77.767206480200201, 17.857432054084388 ], [ -77.76787902124282, 17.858010612030608 ], [ -77.771090918008014, 17.861070501534417 ], [ -77.774867437425698, 17.864090618950076 ], [ -77.774923424228703, 17.86413156860349 ], [ -77.779348703742244, 17.867060029452258 ], [ -77.784044552282978, 17.869572658518656 ], [ -77.784851126995832, 17.869957229196164 ], [ -77.788548623559109, 17.872341007098328 ], [ -77.790050137670406, 17.873427604650669 ], [ -77.79233588763168, 17.874771158237099 ], [ -77.795975437588737, 17.877121523003634 ], [ -77.798196156475356, 17.878700849450148 ], [ -77.80088017911423, 17.88026783323048 ], [ -77.803487896365908, 17.881960955523905 ], [ -77.805135368917419, 17.88326140120083 ], [ -77.80637700931581, 17.884443670160458 ], [ -77.807498382869355, 17.885731425606689 ], [ -77.808489758761084, 17.887113495360246 ], [ -77.809342533365978, 17.888577888841244 ], [ -77.810559826317984, 17.891219940640671 ], [ -77.812165313488649, 17.894416673429156 ], [ -77.81289534398995, 17.895756074909567 ], [ -77.814970678572138, 17.899242355108029 ], [ -77.815482022463527, 17.900031833991441 ], [ -77.815742732495281, 17.900539575672241 ], [ -77.818592604989931, 17.905432891730797 ], [ -77.821955305330178, 17.910018161091898 ], [ -77.825794878197769, 17.914246312509544 ], [ -77.830070255888273, 17.918072094654768 ], [ -77.834735697563644, 17.921454561303332 ], [ -77.840224169119438, 17.925021482243285 ], [ -77.840830592062929, 17.925461438957104 ], [ -77.845180423597711, 17.928059711777944 ], [ -77.847410787433475, 17.929136784541313 ], [ -77.850615658788101, 17.930889448967807 ], [ -77.852519447051279, 17.93208517704851 ], [ -77.852923415369503, 17.932319689173898 ], [ -77.854372172152537, 17.933355167066306 ], [ -77.85571032037312, 17.934519071957805 ], [ -77.85692548215674, 17.935800638961474 ], [ -77.859635389996924, 17.939278738696515 ], [ -77.85967072334067, 17.93925351532193 ], [ -77.860086534023878, 17.939826779662376 ], [ -77.86157397801307, 17.942055734795268 ], [ -77.862427185920609, 17.943672698735586 ], [ -77.863106174969872, 17.945363596568441 ], [ -77.863732603606124, 17.947562511477702 ], [ -77.865497691609178, 17.952723406589445 ], [ -77.867793905381646, 17.957689182109419 ], [ -77.870598198947263, 17.962409912477067 ], [ -77.873882411217551, 17.966838132906457 ], [ -77.877613548174466, 17.970929317368711 ], [ -77.881754114025654, 17.974642327074832 ], [ -77.886262488021984, 17.977939824910429 ], [ -77.89109334315107, 17.980788651616464 ], [ -77.896198102482259, 17.98316015989607 ], [ -77.90152542854409, 17.985030503054169 ], [ -77.907021740767448, 17.986380875238094 ], [ -77.911335139634687, 17.987222502010415 ], [ -77.913187684088854, 17.987779632627383 ], [ -77.91497027190249, 17.988516701054181 ], [ -77.916663875626568, 17.98942583925086 ], [ -77.918250416970494, 17.990497342530205 ], [ -77.919837916174544, 17.991824213525348 ], [ -77.920984406496288, 17.992989361153011 ], [ -77.922047064534027, 17.994293973524339 ], [ -77.922935550956709, 17.995622281926771 ], [ -77.926069339866245, 17.999847517091954 ], [ -77.929610833335644, 18.003766848244393 ], [ -77.933527630100286, 18.007344395337793 ], [ -77.937783886515419, 18.010547406340493 ], [ -77.94234064480753, 18.013346557657322 ], [ -77.94560691003737, 18.015147850541371 ], [ -77.946832654915951, 18.01580455551165 ], [ -77.951926040507786, 18.018454365996902 ], [ -77.952811588795456, 18.018979477351131 ], [ -77.953336970326461, 18.019261306910746 ], [ -77.95492398233705, 18.02033243567891 ], [ -77.956459337933879, 18.02161492522222 ], [ -77.957752889047271, 18.022935215142191 ], [ -77.959042390187292, 18.024544242719102 ], [ -77.959843584384885, 18.025680952820402 ], [ -77.961229153615761, 18.027943485896454 ], [ -77.961962637080092, 18.029461958506172 ], [ -77.963182137957475, 18.032780012574793 ], [ -77.965136279218058, 18.037404261359306 ], [ -77.967081584433927, 18.041011211387197 ], [ -77.967919892939648, 18.042817444593034 ], [ -77.968461033348802, 18.043948188060863 ], [ -77.968535300796859, 18.044098780587827 ], [ -77.969478728562791, 18.046474681438269 ], [ -77.971401551597566, 18.050753044357034 ], [ -77.973701564168294, 18.054857556245452 ], [ -77.976361778453906, 18.058757860433463 ], [ -77.978745497958954, 18.061671038110465 ], [ -77.979179226750333, 18.062222744206156 ], [ -77.979222287723758, 18.062285226505207 ], [ -77.982124013387761, 18.066094226834625 ], [ -77.983215002277944, 18.067684260963443 ], [ -77.983835544312129, 18.068810658131866 ], [ -77.986906541118287, 18.073733997173683 ], [ -77.99050459086412, 18.078319209411909 ], [ -77.994589393292316, 18.082514896862783 ], [ -77.999115181917773, 18.086274026113625 ], [ -78.004031236952869, 18.089554456563476 ], [ -78.005602667460323, 18.090488805716952 ], [ -78.006660680148073, 18.091102645995747 ], [ -78.007308070765092, 18.091469052237994 ], [ -78.008122176593659, 18.092050525941612 ], [ -78.009572220758969, 18.093058570866003 ], [ -78.013357536657651, 18.095808748323883 ], [ -78.015410177975824, 18.097674352473906 ], [ -78.019615893486943, 18.101137858412102 ], [ -78.020795940141213, 18.101931417274869 ], [ -78.022165480973371, 18.102928808372116 ], [ -78.023670790668504, 18.103987986997623 ], [ -78.024051454239526, 18.104246681145657 ], [ -78.028287911231033, 18.107948126671097 ], [ -78.032316578945697, 18.111153707540343 ], [ -78.036637987045069, 18.113989365152246 ], [ -78.038253876409769, 18.114947622794038 ], [ -78.039817038290948, 18.116090516959417 ], [ -78.042123526956431, 18.118153988890317 ], [ -78.044195970270366, 18.120196747421137 ], [ -78.045309547137549, 18.121099068804551 ], [ -78.04813406701038, 18.123627051823636 ], [ -78.049351820600009, 18.124953923781877 ], [ -78.050427709539733, 18.126388527309793 ], [ -78.051957798718973, 18.128920575559981 ], [ -78.055373681718621, 18.133915720888496 ], [ -78.059343845076796, 18.138521088239287 ], [ -78.060238940512349, 18.139352900330472 ], [ -78.06332076148324, 18.142569165715951 ], [ -78.066455396498412, 18.146691854734073 ], [ -78.066512929502835, 18.14665186990624 ], [ -78.067980268878344, 18.148606447497713 ], [ -78.071765644719505, 18.152703457910608 ], [ -78.07596390174065, 18.156414691156787 ], [ -78.08053225966917, 18.159702316174037 ], [ -78.085424157614511, 18.162532819703031 ], [ -78.090589729312484, 18.164877348595276 ], [ -78.095976312429627, 18.166712004510572 ], [ -78.101528986686191, 18.168018087969916 ], [ -78.107191135248385, 18.168782289252476 ], [ -78.112905023592489, 18.168996824175039 ], [ -78.118612389857319, 18.168659513362211 ], [ -78.124255040580209, 18.167773804200877 ], [ -78.129775445656534, 18.166348735265025 ], [ -78.133823889895552, 18.165090814998972 ], [ -78.133819945544374, 18.165079214999434 ], [ -78.135526686626335, 18.164605762837517 ], [ -78.139549955973933, 18.163044170853532 ], [ -78.139845460724899, 18.162945299790465 ], [ -78.143655756003909, 18.161484375544745 ], [ -78.145820016073472, 18.160780257652505 ], [ -78.14761786559886, 18.160378078984643 ], [ -78.149448285058611, 18.160146277761186 ], [ -78.150843056166451, 18.160101539983071 ], [ -78.156139479766551, 18.159693201845311 ], [ -78.161372515221629, 18.158812132537161 ], [ -78.165710692839141, 18.157879188960827 ], [ -78.168656917859863, 18.157542737627615 ], [ -78.17336119616418, 18.157166799243768 ], [ -78.178958063223959, 18.156171227955067 ], [ -78.183665753446505, 18.155097207755759 ], [ -78.185378033035818, 18.154880017787821 ], [ -78.187128625374484, 18.154823523175125 ], [ -78.189302294824387, 18.15496454048747 ], [ -78.194954903766074, 18.155060815099482 ], [ -78.200589351556076, 18.154617798801223 ], [ -78.203097277037628, 18.154299456631694 ], [ -78.204948243347431, 18.154239550528004 ], [ -78.206938908616323, 18.154361745104762 ], [ -78.210934837267956, 18.154994282076061 ], [ -78.212247347613953, 18.155265747666775 ], [ -78.214408523897461, 18.155499238739161 ], [ -78.218014526506195, 18.156042842959366 ], [ -78.219730289260951, 18.156462594487326 ], [ -78.220350726660683, 18.156675526551602 ], [ -78.224908625074576, 18.158035311283676 ], [ -78.228192433801524, 18.158731239245171 ], [ -78.233598013494202, 18.160151183974175 ], [ -78.233604782862827, 18.160127631515284 ], [ -78.234250542304125, 18.160327760145705 ], [ -78.240448771175309, 18.161539577539799 ], [ -78.240681134747163, 18.161572205843335 ], [ -78.242277927108077, 18.161934502990018 ], [ -78.243789894587408, 18.162413828813975 ], [ -78.245828663795663, 18.163258813467536 ], [ -78.247336228677369, 18.16405732495117 ], [ -78.248807123685879, 18.165020824599321 ], [ -78.250176040443918, 18.166113065129768 ], [ -78.251430690966529, 18.167324242919598 ], [ -78.253687322284648, 18.169960818190802 ], [ -78.254991815795776, 18.171430714991448 ], [ -78.256324667315027, 18.172879448709626 ], [ -78.2565184880511, 18.173110368521808 ], [ -78.256515532722204, 18.173112500839355 ], [ -78.258974825825817, 18.176226918863286 ], [ -78.260126599077765, 18.177942280840302 ], [ -78.260448146866949, 18.178401238658005 ], [ -78.262179735042167, 18.181414242462751 ], [ -78.26364340106494, 18.184294340220863 ], [ -78.266484883891366, 18.188739683756225 ], [ -78.269760273621841, 18.192903403502086 ], [ -78.27343926329948, 18.196746942562473 ], [ -78.277487801693994, 18.200234707802831 ], [ -78.281868408555539, 18.203334400089258 ], [ -78.286540521936999, 18.206017313991062 ], [ -78.288223376224238, 18.20688117906321 ], [ -78.288345476749583, 18.206941154478276 ], [ -78.289290605535982, 18.20747711556335 ], [ -78.289987793295978, 18.207855311646927 ], [ -78.291559027658948, 18.208924696432327 ], [ -78.29300743612545, 18.21014221804441 ], [ -78.294317791613352, 18.211495077953575 ], [ -78.295476317292696, 18.212969054870239 ], [ -78.296470831414766, 18.214548654145261 ], [ -78.29729087542438, 18.216217270554722 ], [ -78.298177117997241, 18.218638401240614 ], [ -78.298583555901558, 18.219712254973405 ], [ -78.299085305911746, 18.220995443610068 ], [ -78.29909639215515, 18.22099148476908 ], [ -78.300100716780051, 18.223669820182359 ], [ -78.302553632964418, 18.228587978278007 ], [ -78.305511474981586, 18.233245629533673 ], [ -78.30894431639399, 18.237595596604198 ], [ -78.312817411516832, 18.241593816641849 ], [ -78.317091546900031, 18.245199788437347 ], [ -78.321723438481982, 18.248376983475865 ], [ -78.326666170388151, 18.251093216703829 ], [ -78.33186967090802, 18.253320973213068 ], [ -78.337281220790487, 18.255037687499705 ], [ -78.342845988655412, 18.256225972441094 ], [ -78.348507588031524, 18.256873795650268 ], [ -78.354208650301729, 18.256974601408448 ], [ -78.359891407668854, 18.256527376935729 ], [ -78.364370833822932, 18.255956786384871 ], [ -78.366237150011841, 18.25589513819374 ], [ -78.368224461803905, 18.256014149487292 ], [ -78.370021668474237, 18.256294221118761 ], [ -78.371806762542434, 18.256747652428938 ], [ -78.373536752646785, 18.257366055583649 ], [ -78.375194982645326, 18.2581434759921 ], [ -78.376765486835822, 18.259072428101469 ], [ -78.37823314355812, 18.260143967430114 ], [ -78.379583820699196, 18.261347776635521 ], [ -78.380804511704056, 18.262672264790353 ], [ -78.381883460786213, 18.264104678914009 ], [ -78.38281027613408, 18.265631226689369 ], [ -78.383576030022951, 18.267237209186501 ], [ -78.384173344867733, 18.26890716231954 ], [ -78.384596464384515, 18.270625005678028 ], [ -78.384841309171563, 18.272374197303311 ], [ -78.384901945964401, 18.274039826576182 ], [ -78.384748779042582, 18.276219730077731 ], [ -78.384401872168411, 18.278091978217891 ], [ -78.384168448756682, 18.278860375895732 ], [ -78.382768089918571, 18.284633752680239 ], [ -78.38203659331748, 18.290518752576943 ], [ -78.381937645580393, 18.292006916938352 ], [ -78.381640388451657, 18.293748678759997 ], [ -78.381165833745371, 18.295454221769369 ], [ -78.380518546437656, 18.297107120168643 ], [ -78.379704755485733, 18.298691454640274 ], [ -78.377568988500073, 18.301986915371813 ] ], [ [ -78.320523910544068, 18.300342737649729 ], [ -78.320619539643985, 18.299007756170582 ], [ -78.320720785741784, 18.293520826036179 ], [ -78.320240145603279, 18.288052280049463 ], [ -78.319182608701951, 18.282658275634372 ], [ -78.317559085352016, 18.277394200000785 ], [ -78.315386292691443, 18.272314101956866 ], [ -78.312686581298507, 18.267470137624233 ], [ -78.309487704290476, 18.262912035712933 ], [ -78.305822531329255, 18.258686587807286 ], [ -78.301728710508499, 18.254837168854156 ], [ -78.297248281614131, 18.251403292733535 ], [ -78.292427244731186, 18.248420207431806 ], [ -78.287315088609859, 18.245918533933853 ], [ -78.281964283599748, 18.243923952505028 ], [ -78.276429744308771, 18.242456939553168 ], [ -78.27419252590785, 18.241979069062971 ], [ -78.272040532529886, 18.241321128786527 ], [ -78.271995362927711, 18.241302405250433 ], [ -78.267114708538116, 18.239529736995923 ], [ -78.262084087243323, 18.238193671031645 ], [ -78.260608410612832, 18.237870885570775 ], [ -78.258312872901456, 18.237416272458017 ], [ -78.258019595845326, 18.237364209911739 ], [ -78.25789934590928, 18.237334766598725 ], [ -78.257897273397944, 18.237342495082991 ], [ -78.257852482255231, 18.237334543683616 ], [ -78.257800807505987, 18.237321445331279 ], [ -78.255164309701414, 18.236406489464581 ], [ -78.254465194082286, 18.236066822176465 ], [ -78.253697366291917, 18.235714455742805 ], [ -78.252955135277404, 18.23533314166475 ], [ -78.252376453932953, 18.235051977122335 ], [ -78.2509421976401, 18.23418080940845 ], [ -78.250916927286781, 18.234163470178082 ], [ -78.250096022260564, 18.233532397402271 ], [ -78.2494148403716, 18.233002841174187 ], [ -78.249406411883015, 18.232996288761132 ], [ -78.245069091625496, 18.22993994377936 ], [ -78.240447696417306, 18.227290986809969 ], [ -78.235583992362805, 18.225073358505398 ], [ -78.230521930554929, 18.223307102110017 ], [ -78.225307250830582, 18.222008182626009 ], [ -78.219987069531726, 18.2211883427257 ], [ -78.214609454949709, 18.220854996703167 ], [ -78.20922299423701, 18.221011163419313 ], [ -78.203876355645434, 18.221655438847019 ], [ -78.198617849991081, 18.222782008470471 ], [ -78.196143646954113, 18.223431505061242 ], [ -78.190820492519379, 18.22430048112578 ], [ -78.190782943035714, 18.224303952083098 ], [ -78.190687832383446, 18.224322135222234 ], [ -78.189674596057728, 18.22448752252458 ], [ -78.189679490509391, 18.224514905751501 ], [ -78.185171655668398, 18.225376626424499 ], [ -78.180513903801099, 18.226503294836689 ], [ -78.175672139467267, 18.227184283852328 ], [ -78.170438687080107, 18.228162557752228 ], [ -78.170155007656632, 18.228228960787469 ], [ -78.168434512317191, 18.228488654674173 ], [ -78.166632680446114, 18.22861953522602 ], [ -78.165573799861889, 18.22863368356192 ], [ -78.160920635468813, 18.228580144457965 ], [ -78.154142438351656, 18.228797926196897 ], [ -78.154143055123598, 18.228815464971301 ], [ -78.152225882282067, 18.228818094458912 ], [ -78.148268560134937, 18.22923600395837 ], [ -78.147598290749031, 18.229282697123615 ], [ -78.144962599107672, 18.229357686152859 ], [ -78.14482666296, 18.229362340253868 ], [ -78.142390476258882, 18.229216651306881 ], [ -78.142213596963757, 18.22918740513223 ], [ -78.136915718974151, 18.228555232486961 ], [ -78.131579088673007, 18.228402114400112 ], [ -78.126251023762464, 18.228729415174907 ], [ -78.125511543975392, 18.228808390759173 ], [ -78.125259669657567, 18.228823422577836 ], [ -78.124976827132983, 18.228853674494932 ], [ -78.124719725202894, 18.228884248860318 ], [ -78.123845098975707, 18.228913454690687 ], [ -78.123578278479783, 18.228922965058981 ], [ -78.121938499461208, 18.228985100687705 ], [ -78.114704961497708, 18.229705286018 ], [ -78.109867440891719, 18.230489224778342 ], [ -78.107187291127715, 18.230605773383829 ], [ -78.106473403224967, 18.230563933006117 ], [ -78.101072753946696, 18.230493710613729 ], [ -78.096519421829285, 18.230641852794292 ], [ -78.094136673775409, 18.230484721172552 ], [ -78.087904370865886, 18.230401869340891 ], [ -78.085213912857995, 18.230649684243023 ], [ -78.084667268084416, 18.23068103210603 ], [ -78.083542533155196, 18.230776484844128 ], [ -78.083541540317569, 18.230767353150171 ], [ -78.082902238782836, 18.230830821664348 ], [ -78.081433496139553, 18.230955454349179 ], [ -78.081426275841721, 18.230956266765943 ], [ -78.079521781044676, 18.231008062984483 ], [ -78.077921055494912, 18.230928355458648 ], [ -78.075489630490026, 18.230694383992954 ], [ -78.074764895691573, 18.230643652626284 ], [ -78.071256307500633, 18.230100686994273 ], [ -78.068597054246467, 18.229548069762391 ], [ -78.063159341215197, 18.228648989152649 ], [ -78.060503221083508, 18.227969102294438 ], [ -78.057878152693704, 18.227024850213279 ], [ -78.055969439159227, 18.226212766955843 ], [ -78.055807035657551, 18.226150878456629 ], [ -78.055806572287338, 18.226150705017258 ], [ -78.05239392928965, 18.224586707227523 ], [ -78.05135116325738, 18.224028739108807 ], [ -78.046359134746538, 18.221590583373189 ], [ -78.04542019775009, 18.221052239181571 ], [ -78.044535036182751, 18.220559130764968 ], [ -78.0442150565448, 18.220380873744585 ], [ -78.043017921228156, 18.219611530920986 ], [ -78.040389316332892, 18.217987116143917 ], [ -78.03937344793664, 18.217236147550825 ], [ -78.038794814102374, 18.216805411924064 ], [ -78.038427804115784, 18.21648119586343 ], [ -78.036738154489711, 18.215151958791239 ], [ -78.036759715244202, 18.21512839205274 ], [ -78.033664750705583, 18.212542300755221 ], [ -78.030817085479129, 18.209708587893704 ], [ -78.030781052791397, 18.209741659681043 ], [ -78.028462769999464, 18.207456547577291 ], [ -78.028006234002802, 18.207048019156979 ], [ -78.026940274978884, 18.205897206558959 ], [ -78.025943559904491, 18.204603379898547 ], [ -78.02505972565146, 18.203209879412761 ], [ -78.023961382027238, 18.201178485159812 ], [ -78.023756318270074, 18.200818588373462 ], [ -78.023059159818885, 18.19969971276722 ], [ -78.021667404955394, 18.197094918297896 ], [ -78.02113887461087, 18.195787550955238 ], [ -78.020584469973485, 18.194467947794237 ], [ -78.020270121651663, 18.193747227447414 ], [ -78.020219038162409, 18.193605369059995 ], [ -78.020128506827177, 18.193344638972196 ], [ -78.020109909188108, 18.193350538084612 ], [ -78.019509218953615, 18.191554793513024 ], [ -78.018755711625118, 18.189564225921867 ], [ -78.017132376482451, 18.185738148604123 ], [ -78.015208930531017, 18.182041348195717 ], [ -78.014442097180819, 18.180698417802709 ], [ -78.013269310399295, 18.178753996861982 ], [ -78.013142145582393, 18.178512903410393 ], [ -78.012975324927197, 18.178166602507808 ], [ -78.012809918044724, 18.177837318481675 ], [ -78.012730443314595, 18.177663726091325 ], [ -78.012682311655055, 18.177538579252129 ], [ -78.01212328675814, 18.176278286616228 ], [ -78.011565740813055, 18.175062952095967 ], [ -78.011475335264876, 18.174872270762624 ], [ -78.009986564418952, 18.170681075413533 ], [ -78.009974925183187, 18.170684853195699 ], [ -78.009446656930038, 18.168981495588792 ], [ -78.00934456944664, 18.168711862734281 ], [ -78.008697480915359, 18.166296173348822 ], [ -78.008401008891212, 18.164756097403934 ], [ -78.008361318343603, 18.164763079549697 ], [ -78.007437146158608, 18.160575262477405 ], [ -78.005741793800681, 18.15546238095078 ], [ -78.003525915252695, 18.150534825452191 ], [ -78.000811269397616, 18.145840894831675 ], [ -77.997624497320999, 18.141426595216821 ], [ -77.993996860274123, 18.137335189805455 ], [ -77.989963932707852, 18.133606775584592 ], [ -77.985565253402584, 18.130277891088479 ], [ -77.980843938114887, 18.127381159005072 ], [ -77.975846257524267, 18.12494496710012 ], [ -77.974356321863311, 18.124305425070617 ], [ -77.972825086884569, 18.123475830744308 ], [ -77.971381606325934, 18.122513085774465 ], [ -77.970038505183879, 18.121425610854789 ], [ -77.968807529856875, 18.120222917625121 ], [ -77.968557885141408, 18.119928372619295 ], [ -77.968102451622912, 18.119428696674927 ], [ -77.967748073608078, 18.118993974605079 ], [ -77.966472866766523, 18.117246433176081 ], [ -77.966243967816141, 18.116946819053769 ], [ -77.964971967540933, 18.11476429645985 ], [ -77.962863487809159, 18.111433796157918 ], [ -77.961717181342394, 18.109761794680932 ], [ -77.958731051879028, 18.105806692283313 ], [ -77.955385060054269, 18.102124463394123 ], [ -77.95222339613349, 18.099219966434944 ], [ -77.94933168088582, 18.096134359947566 ], [ -77.948217388033797, 18.094680786878886 ], [ -77.947982270614006, 18.094387055080023 ], [ -77.946961606361512, 18.09281502784 ], [ -77.945393271158579, 18.089764608930647 ], [ -77.944959253199173, 18.088790591620626 ], [ -77.942618773701852, 18.084599873507596 ], [ -77.939903452479086, 18.080621366088877 ], [ -77.936834188972085, 18.0768856606391 ], [ -77.936342873146501, 18.07633881998553 ], [ -77.935564831494844, 18.075511649463948 ], [ -77.934843029256399, 18.074669442892318 ], [ -77.933391507098747, 18.073053803480622 ], [ -77.933381414216583, 18.073062098449537 ], [ -77.932545352791649, 18.072066659881084 ], [ -77.928704886238805, 18.068307306987606 ], [ -77.924501721872403, 18.064921552636058 ], [ -77.919975419639343, 18.061941254702994 ], [ -77.915168573521285, 18.059394455892527 ], [ -77.910126411377661, 18.057305120384083 ], [ -77.904896370271686, 18.055692908764929 ], [ -77.899527651233953, 18.054572993345808 ], [ -77.895228525722217, 18.054086852096699 ], [ -77.895230201571806, 18.054071949431631 ], [ -77.893038080760448, 18.053846379116273 ], [ -77.891971827633981, 18.053736651778138 ], [ -77.891306830380657, 18.053668214288695 ], [ -77.891929217512896, 18.05375171382763 ], [ -77.886097865562988, 18.053090923242383 ], [ -77.883486378228596, 18.053062508374911 ], [ -77.883487482970025, 18.053026910153317 ], [ -77.878245669628214, 18.052877991265653 ], [ -77.87661278104774, 18.052696339340507 ], [ -77.874660582271574, 18.052334220906701 ], [ -77.872183611975771, 18.051556702279374 ], [ -77.870869469047165, 18.0510177095221 ], [ -77.86987038698291, 18.050607929608439 ], [ -77.869744426212876, 18.050548903214594 ], [ -77.867402209889718, 18.049252836396459 ], [ -77.86303618347263, 18.047073412622193 ], [ -77.858488801690498, 18.045264981122656 ], [ -77.853794429194707, 18.043841211242082 ], [ -77.850366306618938, 18.042956340844707 ], [ -77.848891844333863, 18.042611188974131 ], [ -77.847627148778429, 18.042254951561421 ], [ -77.846381414771557, 18.041771783254724 ], [ -77.845562506970566, 18.041469279971849 ], [ -77.8427367340351, 18.040265736146207 ], [ -77.839720326602404, 18.038622630189483 ], [ -77.837407201186267, 18.037049811920454 ], [ -77.835421782994018, 18.035386129766234 ], [ -77.834005064775084, 18.033863080343835 ], [ -77.833415953768508, 18.033113370442351 ], [ -77.831617080039905, 18.030254133783913 ], [ -77.831055071732351, 18.02909101075106 ], [ -77.830477656224332, 18.027528643843457 ], [ -77.830051066056782, 18.025910899223732 ], [ -77.829782893018006, 18.024262312668959 ], [ -77.82952003731539, 18.020188667857092 ], [ -77.829507593240066, 18.019606793063101 ], [ -77.82894905650754, 18.014776771268505 ], [ -77.827940428546341, 18.010014059490455 ], [ -77.826489858197363, 18.005356972051711 ], [ -77.824609046622697, 18.000842970967692 ], [ -77.823517584610244, 17.998530607815745 ], [ -77.822745434200911, 17.996262246910867 ], [ -77.822483796405962, 17.995148198012803 ], [ -77.822240190059659, 17.993496458846174 ], [ -77.822161872332202, 17.992171792971856 ], [ -77.822217171004837, 17.990457109972013 ], [ -77.822114955655536, 17.98512874430547 ], [ -77.821466167895039, 17.979835765213991 ], [ -77.82027713286999, 17.974629385946347 ], [ -77.818559399714303, 17.969559977783909 ], [ -77.816329628173449, 17.964676583167332 ], [ -77.813609426006835, 17.960026441807369 ], [ -77.810425138793235, 17.955654534336954 ], [ -77.80680759421476, 17.95160314788874 ], [ -77.802791803321469, 17.947911467767604 ], [ -77.79841662168208, 17.944615199134258 ], [ -77.795116539359711, 17.942371303462799 ], [ -77.7937353864355, 17.941223430681401 ], [ -77.792441999380941, 17.939916798920937 ], [ -77.791006103566986, 17.938156432370615 ], [ -77.790055970617018, 17.936708635144729 ], [ -77.78922545240286, 17.935110598206855 ], [ -77.788238594016477, 17.932618861048589 ], [ -77.787110306573368, 17.929270837642825 ], [ -77.784903682071814, 17.924409698220185 ], [ -77.78221152355357, 17.91977818499047 ], [ -77.779059620314086, 17.915420608853669 ], [ -77.775478153359046, 17.911378657754682 ], [ -77.771501406118219, 17.90769099853641 ], [ -77.767167436249366, 17.904392907704981 ], [ -77.762517711673837, 17.901515934607986 ], [ -77.757596714315184, 17.89908760021747 ], [ -77.757320079112901, 17.898967098557733 ], [ -77.755724309288723, 17.898081826386232 ], [ -77.754226871457931, 17.897051051560897 ], [ -77.75075514352099, 17.894126686722355 ], [ -77.750741732170695, 17.894141281294893 ], [ -77.749981555824533, 17.893455049928026 ], [ -77.745654540240906, 17.890244840149983 ], [ -77.741023925776219, 17.887449848756905 ], [ -77.736133024791656, 17.885096217357479 ], [ -77.731027578685925, 17.883205960052422 ], [ -77.725755331028694, 17.881796757910141 ], [ -77.720365582168341, 17.880881793856876 ], [ -77.714908729429325, 17.880469629513335 ], [ -77.709435797142788, 17.880564125122859 ], [ -77.703997960846607, 17.881164403318564 ], [ -77.698646070042855, 17.882264857072688 ], [ -77.697684514561544, 17.882509688097677 ], [ -77.695864354602861, 17.882794025165218 ], [ -77.693432365981792, 17.882942182560395 ], [ -77.692229520683, 17.88292636035872 ], [ -77.690595608759011, 17.882794169039254 ], [ -77.69018942741215, 17.882780582447019 ], [ -77.687534496565164, 17.882438856114188 ], [ -77.682857704524707, 17.881402766292645 ], [ -77.682857496300173, 17.881403627953318 ], [ -77.682116287067529, 17.88120863018656 ], [ -77.676767076174784, 17.880318007098687 ], [ -77.671353351277787, 17.879922243098804 ], [ -77.665924914033823, 17.880024984927715 ], [ -77.660531702276757, 17.88062529341282 ], [ -77.655223331854714, 17.881717651864982 ], [ -77.654132180294269, 17.881995219769749 ], [ -77.651214519444522, 17.882591710134491 ], [ -77.650160924181506, 17.882794431636842 ], [ -77.645403518950317, 17.883554059151848 ], [ -77.642790785229138, 17.883826313118998 ], [ -77.640231728615447, 17.884204812896009 ], [ -77.636707140648809, 17.884409288030469 ], [ -77.631867987657188, 17.8842550854196 ], [ -77.626563779706345, 17.884324132518756 ], [ -77.62523425749518, 17.884401200737923 ], [ -77.620650763639205, 17.884227506669525 ], [ -77.618041903992932, 17.884003160015421 ], [ -77.617127709894689, 17.883974854057367 ], [ -77.61539851221707, 17.883766702442983 ], [ -77.613433108627845, 17.883350222513574 ], [ -77.608100455408575, 17.882473767186472 ], [ -77.602704764943951, 17.882088828887955 ], [ -77.597295323108057, 17.882198929594704 ], [ -77.591921542198847, 17.882803069361007 ], [ -77.586632510792924, 17.883895735217997 ], [ -77.58465838460188, 17.88439920302697 ], [ -77.583665784519795, 17.884553672235079 ], [ -77.579016489025648, 17.885280910829838 ], [ -77.575280508115512, 17.885506245204958 ], [ -77.574114642453381, 17.885600447546668 ], [ -77.57387481690688, 17.885614064126809 ], [ -77.573660641711029, 17.885637129064467 ], [ -77.572879430412328, 17.885700245451165 ], [ -77.572243254712262, 17.885764729078481 ], [ -77.572245990079992, 17.885789469626758 ], [ -77.572180843802286, 17.885796484828312 ], [ -77.567569365257043, 17.886079938709848 ], [ -77.564915789725319, 17.885978609388509 ], [ -77.561287303054371, 17.885463736562844 ], [ -77.556897105475201, 17.884653626078499 ], [ -77.555251515216213, 17.884453415047847 ], [ -77.553440921369528, 17.884056126307154 ], [ -77.550769574243319, 17.88319665577086 ], [ -77.547860211560263, 17.882093231333322 ], [ -77.546739035940902, 17.88177834571967 ], [ -77.542292799988772, 17.880269335016948 ], [ -77.541905410473518, 17.88009647364272 ], [ -77.541433744660921, 17.879851913009759 ], [ -77.540440593648555, 17.879390714405044 ], [ -77.539790346559244, 17.879093629885944 ], [ -77.537994895036888, 17.878286703342162 ], [ -77.536456179338018, 17.877415545692923 ], [ -77.534367405465431, 17.875959976533231 ], [ -77.529598350231808, 17.872976078901647 ], [ -77.52454027101534, 17.870466313329867 ], [ -77.519244398181428, 17.868456101233402 ], [ -77.513764365242139, 17.866965805036664 ], [ -77.508155666978567, 17.866010522270674 ], [ -77.502475098909215, 17.865599932843796 ], [ -77.496780183707642, 17.865738201022449 ], [ -77.491128590300832, 17.86642393311158 ], [ -77.485577551450945, 17.867650191268964 ], [ -77.480183285640649, 17.869404563325492 ], [ -77.47733458406384, 17.870649367971293 ], [ -77.474363741209004, 17.871769404719032 ], [ -77.472493696758505, 17.872268252906895 ], [ -77.470200550605242, 17.872641353309003 ], [ -77.465570561814971, 17.873146055084565 ], [ -77.462177942839659, 17.873839164884021 ], [ -77.458370132136324, 17.874429257434667 ], [ -77.452938088219739, 17.875535242531015 ], [ -77.452166075866003, 17.875730772453377 ], [ -77.44857984755798, 17.876286338147345 ], [ -77.446967952403483, 17.876455853307451 ], [ -77.445432464898971, 17.876759633119583 ], [ -77.439798814527052, 17.877606855247375 ], [ -77.438786013509542, 17.877710828460405 ], [ -77.433665950926127, 17.878700132217435 ], [ -77.43220370529194, 17.879120131690925 ], [ -77.428725280593142, 17.879952352161489 ], [ -77.427002404190176, 17.880205239656402 ], [ -77.424989361404329, 17.880319814356358 ], [ -77.422007231868733, 17.880154143979652 ], [ -77.420504920487645, 17.880089829648504 ], [ -77.420280264063081, 17.880083073316996 ], [ -77.41985550303535, 17.880013123407391 ], [ -77.419058113618163, 17.879886698143459 ], [ -77.41274318766412, 17.879231318562876 ], [ -77.409384332504686, 17.879245164337693 ], [ -77.405292421178004, 17.879103342717332 ], [ -77.403464479358988, 17.878866728006443 ], [ -77.401669566176992, 17.878459677175144 ], [ -77.399924972710863, 17.877886110907301 ], [ -77.398247504982265, 17.877151554006598 ], [ -77.394692037490671, 17.875169985059934 ], [ -77.392118658219715, 17.873936866722598 ], [ -77.392132962460266, 17.873911359045458 ], [ -77.38831723019284, 17.871949340004232 ], [ -77.388068458677367, 17.871791652469138 ], [ -77.38700478644796, 17.871117420787233 ], [ -77.386744086776275, 17.870952168878706 ], [ -77.385957339964378, 17.870380983423356 ], [ -77.384495607571878, 17.869195112148734 ], [ -77.38426779120546, 17.869017892342516 ], [ -77.379618943479599, 17.865762917619502 ], [ -77.374648844914503, 17.862977096089651 ], [ -77.372847250183455, 17.862081816276334 ], [ -77.369781052352408, 17.860278278857802 ], [ -77.363903076794301, 17.85726220555355 ], [ -77.357695558885581, 17.854929042116105 ], [ -77.356732263280492, 17.854628368804953 ], [ -77.355976284041247, 17.854308011347172 ], [ -77.35008854275209, 17.851137079598487 ], [ -77.350051662923406, 17.851199879623344 ], [ -77.348909319106497, 17.850510752118346 ], [ -77.348348910802144, 17.850224860125014 ], [ -77.344077942036606, 17.848365473252855 ], [ -77.340108780774827, 17.846419170284637 ], [ -77.339689457391898, 17.84617483545378 ], [ -77.337336519047753, 17.844876813523502 ], [ -77.336713939332199, 17.844552151740753 ], [ -77.33583149092884, 17.844057306342105 ], [ -77.332303795233543, 17.842152676799412 ], [ -77.332148940029398, 17.842049253142431 ], [ -77.32940978555645, 17.840330445828886 ], [ -77.328716484944479, 17.839922353224321 ], [ -77.327888790315171, 17.839358286217074 ], [ -77.327565300125642, 17.839107227221426 ], [ -77.326086304150095, 17.837997813548306 ], [ -77.325780121371977, 17.837775893079932 ], [ -77.320118413034351, 17.834163339122654 ], [ -77.319220999745724, 17.833662556418204 ], [ -77.316829202157791, 17.832007209599272 ], [ -77.314170703036098, 17.829971422416776 ], [ -77.31405717336979, 17.829892974004181 ], [ -77.313178864687174, 17.829213103109502 ], [ -77.312955853055655, 17.829055477361496 ], [ -77.311745045503613, 17.828030211770045 ], [ -77.307409734833996, 17.824707385007251 ], [ -77.302755403800063, 17.821807436744912 ], [ -77.299808196558701, 17.820162283764542 ], [ -77.298313630630545, 17.819127586965688 ], [ -77.295887690817523, 17.817072905248668 ], [ -77.295492654506418, 17.816685798871031 ], [ -77.295081509875672, 17.816306348628171 ], [ -77.292810205562162, 17.813942858137914 ], [ -77.29241200664498, 17.813427096843309 ], [ -77.288895700801305, 17.809311361485474 ], [ -77.284975342926899, 17.805545492640185 ], [ -77.280688682565113, 17.802165734977844 ], [ -77.276076987662918, 17.799204616211213 ], [ -77.271184647716993, 17.796690634644229 ], [ -77.26605874718922, 17.794647985436761 ], [ -77.260748613264838, 17.793096328194334 ], [ -77.25530534226219, 17.792050598098598 ], [ -77.249781309199449, 17.791520862380199 ], [ -77.244229665178452, 17.791512223504984 ], [ -77.238703827358535, 17.79202477000085 ], [ -77.233256966361807, 17.793053575400325 ], [ -77.22794149597685, 17.794588745316933 ], [ -77.222808570008084, 17.796615512215883 ], [ -77.217907591054939, 17.799114376986015 ], [ -77.213285735897671, 17.802061295973989 ], [ -77.212856600083128, 17.802365032084847 ], [ -77.209991789572499, 17.803969562560887 ], [ -77.209509008981982, 17.8042430378751 ], [ -77.208027383839195, 17.805091828486745 ], [ -77.203415399836146, 17.80803685300177 ], [ -77.199126217834106, 17.811399953439949 ], [ -77.195201000040413, 17.815148874893314 ], [ -77.191677424878591, 17.819247658883274 ], [ -77.188589325165935, 17.82365698761938 ], [ -77.188422330120545, 17.823922693324533 ], [ -77.185649887962484, 17.828903742313813 ], [ -77.183433264626302, 17.834133953055531 ], [ -77.181796550891889, 17.839556605253776 ], [ -77.181306104286875, 17.841568965577025 ], [ -77.18110878082868, 17.84249795570021 ], [ -77.180950452245824, 17.843028225795297 ], [ -77.180771523846133, 17.843762372003567 ], [ -77.180191972566618, 17.845405805289815 ], [ -77.179327795839924, 17.847248677891688 ], [ -77.178746947565855, 17.84827596102328 ], [ -77.178616603053015, 17.848519232677337 ], [ -77.17795376363901, 17.849868097322648 ], [ -77.177344828232862, 17.850951844217189 ], [ -77.174566409425864, 17.856671228779092 ], [ -77.172500620124751, 17.862661023437731 ], [ -77.171923345807883, 17.864732647260183 ], [ -77.171309713428187, 17.866414122418572 ], [ -77.170763090515067, 17.868031896391543 ], [ -77.169874036564778, 17.870014159524821 ], [ -77.168438344542082, 17.872792902614673 ], [ -77.168096747159311, 17.873611254737323 ], [ -77.166690002521761, 17.876462798316304 ], [ -77.165714614398567, 17.878013964928325 ], [ -77.164115003686575, 17.880059927304696 ], [ -77.161070345517416, 17.884370921164258 ], [ -77.158471424731587, 17.888941623622387 ], [ -77.158167120210592, 17.889543970611061 ], [ -77.15715351378887, 17.891115483483308 ], [ -77.15625074549358, 17.892238630701069 ], [ -77.155615978315993, 17.893070203822468 ], [ -77.155523353072908, 17.893180326566146 ], [ -77.155086325235644, 17.893630075426948 ], [ -77.154134522850356, 17.894711938317329 ], [ -77.152770618466107, 17.895977363016222 ], [ -77.152147676555103, 17.896448514000674 ], [ -77.14834981855644, 17.899592514365484 ], [ -77.144857726332589, 17.903046273053544 ], [ -77.144489933773158, 17.903443880303676 ], [ -77.143027654134201, 17.904743962467048 ], [ -77.139922506602545, 17.906998478452344 ], [ -77.139196256093697, 17.907485839474894 ], [ -77.135316722570025, 17.910267610029692 ], [ -77.134997880015973, 17.910500072128908 ], [ -77.134862455441279, 17.910591768520039 ], [ -77.130660939548633, 17.91298797810764 ], [ -77.129059382540632, 17.913720507223314 ], [ -77.126341605098887, 17.91474388699471 ], [ -77.12503891273505, 17.915141714032568 ], [ -77.123777405220494, 17.915563432651165 ], [ -77.12186440097102, 17.916017860885766 ], [ -77.121854873691674, 17.916019371806602 ], [ -77.119090593840795, 17.916495010983496 ], [ -77.113787770518485, 17.917661636974497 ], [ -77.108626316026886, 17.91931005374671 ], [ -77.105498754672894, 17.920640362258297 ], [ -77.102869405296076, 17.921638210288119 ], [ -77.099835313433559, 17.922471569798425 ], [ -77.095373352507977, 17.923891463698478 ], [ -77.091049763421395, 17.925660791544857 ], [ -77.088742758967854, 17.926715343299815 ], [ -77.086156850921654, 17.927662652771225 ], [ -77.084320631533927, 17.928138280094068 ], [ -77.08244359336976, 17.928433837726683 ], [ -77.080440122192655, 17.928552507601434 ], [ -77.07864726341478, 17.928491155827555 ], [ -77.07689277066379, 17.928269168191431 ], [ -77.075151156273435, 17.927885001606825 ], [ -77.073455502443082, 17.927344320654854 ], [ -77.07182112275639, 17.926652007900636 ], [ -77.069202094612962, 17.925244130610423 ], [ -77.06798467865795, 17.924500776624296 ], [ -77.067148619859339, 17.924033082136042 ], [ -77.064645261490369, 17.922470054127874 ], [ -77.059716326523741, 17.920014837251294 ], [ -77.054559842612036, 17.918033780388107 ], [ -77.049225430814857, 17.916545949996795 ], [ -77.043764420672474, 17.915565666604074 ], [ -77.041994818015766, 17.915333341476046 ], [ -77.039066037358211, 17.914663598598835 ], [ -77.036660355527431, 17.913992421391718 ], [ -77.034574775903593, 17.913302559183883 ], [ -77.032898089179128, 17.912564725307796 ], [ -77.031305034337464, 17.911673097612752 ], [ -77.029810956489314, 17.910636264897573 ], [ -77.028430246623714, 17.909464214660904 ], [ -77.02593405551454, 17.906884524406728 ], [ -77.021962983216838, 17.903164445169228 ], [ -77.021074728958922, 17.902410328463592 ], [ -77.019736632786191, 17.901023564881804 ], [ -77.018483571544806, 17.899426979033205 ], [ -77.015596211347159, 17.894952844682599 ], [ -77.012501803846874, 17.890638317730041 ], [ -77.008987354264463, 17.886629578673862 ], [ -77.005085634947662, 17.88296398324902 ], [ -77.000833020242297, 17.879675688252139 ], [ -76.996269147553278, 17.876795333859452 ], [ -76.991436548302815, 17.874349758682076 ], [ -76.986380252206473, 17.872361750188041 ], [ -76.9811473685251, 17.870849832793947 ], [ -76.97578664815579, 17.869828095581578 ], [ -76.97034803059563, 17.869306061229956 ], [ -76.968507108398484, 17.869214972615506 ], [ -76.963074587954395, 17.869196030910842 ], [ -76.957665152603681, 17.869675704386001 ], [ -76.952328583621124, 17.870649583129335 ], [ -76.947113994371122, 17.87210870890047 ], [ -76.942069379415599, 17.874039657207817 ], [ -76.937241173754956, 17.876424660405988 ], [ -76.932673826214753, 17.879241770699064 ], [ -76.928409390867373, 17.882465061571882 ], [ -76.924487140222055, 17.886064865820035 ], [ -76.920943203725727, 17.890008048014117 ], [ -76.917810234895839, 17.894258308917184 ], [ -76.917254588436464, 17.895094569941126 ], [ -76.914984337221767, 17.898832573412221 ], [ -76.913032429592292, 17.902731921685856 ], [ -76.912883709794443, 17.903062207534738 ], [ -76.912601753526843, 17.903542572174803 ], [ -76.911764228833547, 17.905049555809516 ], [ -76.911505092256547, 17.905462487876459 ], [ -76.911018575685333, 17.906142343749359 ], [ -76.910441588084396, 17.90683675215471 ], [ -76.909603021232684, 17.907888063383336 ], [ -76.908858873413493, 17.908741525764167 ], [ -76.908369039472475, 17.909331023542375 ], [ -76.907870552052984, 17.909865500850341 ], [ -76.904766944280951, 17.913884217667857 ], [ -76.902063037087999, 17.918159482126743 ], [ -76.899781839144183, 17.92265496432201 ], [ -76.897942771426855, 17.927332459757945 ], [ -76.89656150117554, 17.932152213705365 ], [ -76.896223129140026, 17.933589643127036 ], [ -76.89561765627505, 17.935591043634943 ], [ -76.895582902758605, 17.935721662109071 ], [ -76.894883944568193, 17.937888133490702 ], [ -76.893723272765072, 17.943598370617472 ], [ -76.893208576654146, 17.949394779990467 ], [ -76.893181668091742, 17.950222631402585 ], [ -76.893028997660608, 17.951502549865818 ], [ -76.8925674285463, 17.953642326384401 ], [ -76.892016578003137, 17.955321591752643 ], [ -76.891303191300366, 17.956919929821211 ], [ -76.891009705850166, 17.957427871945626 ], [ -76.889240376205535, 17.960820472807566 ], [ -76.888116695632448, 17.962687719520016 ], [ -76.886998489043137, 17.964173169028257 ], [ -76.885728369922774, 17.965542206801178 ], [ -76.884319479333385, 17.966780664211161 ], [ -76.882963882909749, 17.967748948222031 ], [ -76.878225003748341, 17.971535476519925 ], [ -76.877895484641925, 17.971829367293889 ], [ -76.875726126481268, 17.973433782301342 ], [ -76.874433154590349, 17.974270211212399 ], [ -76.871692179027477, 17.976161588464706 ], [ -76.871535584802842, 17.976248200812595 ], [ -76.870892468078111, 17.97662566301571 ], [ -76.870876661825733, 17.976633887426594 ], [ -76.869589779402119, 17.977324409918641 ], [ -76.868989409714203, 17.977656463190151 ], [ -76.867501624276713, 17.978508650359071 ], [ -76.866356256239072, 17.979187691582201 ], [ -76.863734862615459, 17.980628802868601 ], [ -76.859824623943567, 17.983218548265441 ], [ -76.856060345575486, 17.985942008259599 ], [ -76.855774306372112, 17.986118241715616 ], [ -76.854337223697954, 17.98707955768376 ], [ -76.8538761562735, 17.987381480386414 ], [ -76.85154604972081, 17.988766563269831 ], [ -76.849870900991519, 17.989553970347675 ], [ -76.848122447926244, 17.990178656930304 ], [ -76.846317902917306, 17.990634472660435 ], [ -76.844475031145834, 17.990916929599056 ], [ -76.841892904295705, 17.991064276082223 ], [ -76.840747273419097, 17.99102132674448 ], [ -76.83998669343697, 17.990997703883334 ], [ -76.83985966544185, 17.990994575375421 ], [ -76.839364138564321, 17.990970715162241 ], [ -76.837521981704938, 17.990727067596019 ], [ -76.835726616068939, 17.990314769753944 ], [ -76.83398213705064, 17.989736047213544 ], [ -76.832305349486774, 17.98899647457764 ], [ -76.83071240564675, 17.988103175948304 ], [ -76.829218649527789, 17.987064756255542 ], [ -76.827838468965766, 17.985891218311043 ], [ -76.825640294353832, 17.983615783166062 ], [ -76.82388466510902, 17.981608183305614 ], [ -76.81993886035211, 17.977900011116091 ], [ -76.815634156074054, 17.974577622493264 ], [ -76.811011569946103, 17.971672665187157 ], [ -76.806115141049133, 17.969212810156726 ], [ -76.800991510980083, 17.967221488526498 ], [ -76.795689480442803, 17.965717668848274 ], [ -76.790259545505052, 17.964715676768474 ], [ -76.784753417888425, 17.964225058802441 ], [ -76.781808407262929, 17.964100899049377 ], [ -76.779816223389247, 17.963810231813515 ], [ -76.777294854643827, 17.963172046291024 ], [ -76.773888400654968, 17.961887125093018 ], [ -76.770559806701982, 17.96040670077555 ], [ -76.765232815633482, 17.958629560535165 ], [ -76.759747606112512, 17.957368240534876 ], [ -76.754158545179379, 17.956635246442197 ], [ -76.748521027292028, 17.956437847548095 ], [ -76.742890926780319, 17.956778004737096 ], [ -76.737324045571683, 17.957652350929479 ], [ -76.731875561588836, 17.959052224193726 ], [ -76.726599483214301, 17.960963753212187 ], [ -76.723156856010149, 17.962602321163239 ], [ -76.723153255098822, 17.962595325109437 ], [ -76.721387289362511, 17.963427880673215 ], [ -76.721281056253417, 17.963475953666311 ], [ -76.720556380124137, 17.963796735602315 ], [ -76.720486054446084, 17.963827177099034 ], [ -76.717197283411465, 17.965048396487944 ], [ -76.715756735246799, 17.965401402851239 ], [ -76.714814271329416, 17.965648115320427 ], [ -76.713431560890584, 17.965915123672012 ], [ -76.712386390066712, 17.966068459495531 ], [ -76.712288028225302, 17.966080751739021 ], [ -76.706480566844533, 17.966460122712284 ], [ -76.705627675694217, 17.966535202172889 ], [ -76.705065418081034, 17.966555992026095 ], [ -76.702252967466805, 17.966438263500532 ], [ -76.700281578966965, 17.966149809080239 ], [ -76.69835877333422, 17.965662294823094 ], [ -76.697902363900866, 17.965494304114436 ], [ -76.697469144421291, 17.965336791501997 ], [ -76.696945269848271, 17.965148659616446 ], [ -76.696548773237453, 17.965007883744672 ], [ -76.695335482489057, 17.964582023524365 ], [ -76.695334463106605, 17.964581563028812 ], [ -76.694733982836141, 17.964314397281282 ], [ -76.693559345399194, 17.963799739430428 ], [ -76.69334439472766, 17.963689239641461 ], [ -76.692089939600336, 17.963044353522104 ], [ -76.687443423646897, 17.960910303387138 ], [ -76.682613555376776, 17.959189168971857 ], [ -76.677640289364376, 17.957895189962606 ], [ -76.672564763763404, 17.957039072681003 ], [ -76.667428960885005, 17.956627901656745 ], [ -76.66728102528468, 17.956622524530793 ], [ -76.663623901095534, 17.956158380467617 ], [ -76.662004349860823, 17.955846550100041 ], [ -76.661114935869421, 17.955586004145569 ], [ -76.660024686326537, 17.955293395473969 ], [ -76.658608095395167, 17.954846327159853 ], [ -76.658456574604813, 17.954801624327025 ], [ -76.65671426697125, 17.954086757877608 ], [ -76.654583534043539, 17.952976686550752 ], [ -76.652830455080192, 17.951935340985624 ], [ -76.652644656556944, 17.951833223811292 ], [ -76.652160614473729, 17.951573349782233 ], [ -76.651224262860183, 17.950936706257281 ], [ -76.650118568792067, 17.950203661421376 ], [ -76.649344253268509, 17.949703220355012 ], [ -76.648771063917366, 17.949292940825671 ], [ -76.644739508144127, 17.94691123093315 ], [ -76.644736285695629, 17.946909049062519 ], [ -76.644634331838319, 17.946840017606167 ], [ -76.642989107975964, 17.945726045196515 ], [ -76.642938197460921, 17.945683052730576 ], [ -76.641338300161181, 17.944331967079744 ], [ -76.639077530462401, 17.941986356528393 ], [ -76.637947705266129, 17.940682095943178 ], [ -76.637683692708038, 17.94040399160837 ], [ -76.634937985521404, 17.937191233156167 ], [ -76.632666540981631, 17.935015114955654 ], [ -76.63061269354283, 17.932859771084708 ], [ -76.62459000198362, 17.927401634602017 ], [ -76.620393938866357, 17.924121497621599 ], [ -76.619560354866778, 17.923331127906636 ], [ -76.619397865972871, 17.923162481128607 ], [ -76.61582634234901, 17.919781071287687 ], [ -76.613524036961323, 17.917437327851697 ], [ -76.613278446299219, 17.91716012075101 ], [ -76.612280789284782, 17.915913586375755 ], [ -76.609049792658624, 17.912227547914835 ], [ -76.608008531485964, 17.911141377867157 ], [ -76.605266878545876, 17.908141915178138 ], [ -76.601316987933117, 17.904576174681495 ], [ -76.597028734108932, 17.901388840626804 ], [ -76.592441517557376, 17.898609189601363 ], [ -76.587597478779003, 17.89626275301552 ], [ -76.582541111794043, 17.894371083073555 ], [ -76.577318856269358, 17.892951555221295 ], [ -76.571978671978002, 17.89201720886695 ], [ -76.56656959945542, 17.891576627823799 ], [ -76.565317343492822, 17.891532327894303 ], [ -76.562825780076665, 17.891143288256316 ], [ -76.560612858384317, 17.890553873541407 ], [ -76.559543468370492, 17.890190848571532 ], [ -76.558689434727299, 17.88991754968432 ], [ -76.558360960662142, 17.889769306635074 ], [ -76.556994210605026, 17.889173735757272 ], [ -76.556312469744284, 17.888844787129944 ], [ -76.556292597091428, 17.888835818099007 ], [ -76.550497243543916, 17.886585661289171 ], [ -76.548574833044526, 17.88606677436718 ], [ -76.548574860461386, 17.886066692601624 ], [ -76.544484637865224, 17.884809302266408 ], [ -76.540725710404402, 17.883279878970782 ], [ -76.540039014501559, 17.882965653613912 ], [ -76.535027967585123, 17.881205895938542 ], [ -76.529866200031478, 17.87990560856543 ], [ -76.524599540634838, 17.879076338873702 ], [ -76.51927474756377, 17.87872545244905 ], [ -76.513939094338824, 17.878856067749467 ], [ -76.508639951273494, 17.879467028377153 ], [ -76.503424366044698, 17.880552913203751 ], [ -76.498338647067101, 17.882104084264157 ], [ -76.493427953322993, 17.884106772003129 ], [ -76.492392057575728, 17.884585636579772 ], [ -76.490659426171177, 17.885194231707342 ], [ -76.487729661613159, 17.885920746192184 ], [ -76.48378709022532, 17.88672392482588 ], [ -76.477937612571949, 17.888570249940489 ], [ -76.477593800969444, 17.888699005324295 ], [ -76.476689412152965, 17.88896012265521 ], [ -76.472687194202877, 17.889709610020837 ], [ -76.470181226104785, 17.889984970950152 ], [ -76.469978242289343, 17.890016212448518 ], [ -76.467966624717477, 17.890128779542337 ], [ -76.463013089033268, 17.890136727550885 ], [ -76.457602177255495, 17.890644492724515 ], [ -76.455841593290089, 17.890891857287453 ], [ -76.455204845228096, 17.890984862320639 ], [ -76.450505732537763, 17.891697367291563 ], [ -76.448003997126733, 17.891832393620415 ], [ -76.4457883743151, 17.891756339451256 ], [ -76.445590200860693, 17.891732876048412 ], [ -76.439932828552287, 17.891337062758371 ], [ -76.434262467542453, 17.891484993066097 ], [ -76.428635967039838, 17.892175187520227 ], [ -76.423109738465797, 17.893400729855795 ], [ -76.417739191330341, 17.895149336013816 ], [ -76.417590057864118, 17.895206017312173 ], [ -76.416055780962694, 17.895873985473511 ], [ -76.41330009567875, 17.896943049094247 ], [ -76.412684191592021, 17.897203176473131 ], [ -76.411975885773842, 17.897463214122173 ], [ -76.411320538101492, 17.89765594588382 ], [ -76.410377949316924, 17.897982655077712 ], [ -76.407848196023437, 17.898601764858395 ], [ -76.407244204050329, 17.898692010678953 ], [ -76.402837840149431, 17.899350331316999 ], [ -76.401300380202898, 17.899429728543442 ], [ -76.398964159142011, 17.899332129871663 ], [ -76.397052936254482, 17.899056144263174 ], [ -76.393320777494878, 17.898126556913258 ], [ -76.393325671402735, 17.898112432789084 ], [ -76.387547688700437, 17.896277189427558 ], [ -76.382046362413732, 17.894819815853225 ], [ -76.376419801388337, 17.893899915589589 ], [ -76.370725121008491, 17.89352683008698 ], [ -76.365020127009004, 17.893704350104088 ], [ -76.359362730284516, 17.894430677184392 ], [ -76.353810360614972, 17.895698441720377 ], [ -76.348419385179838, 17.897494777430165 ], [ -76.343244537688676, 17.899801451505905 ], [ -76.340971651916959, 17.900951347428496 ], [ -76.340468910133808, 17.901208796274194 ], [ -76.339709302968004, 17.90160250028865 ], [ -76.336966066514677, 17.903126468654982 ], [ -76.336025275684392, 17.903573268249389 ], [ -76.329420627536308, 17.907261344160357 ], [ -76.329278033983044, 17.907353852163869 ], [ -76.327656589244953, 17.9081967115876 ], [ -76.325956676133032, 17.9088834205556 ], [ -76.32356041383396, 17.909595960817231 ], [ -76.322078152188396, 17.909891584346386 ], [ -76.321136878426373, 17.910032055125555 ], [ -76.316548723923944, 17.910776805405131 ], [ -76.31117642229286, 17.911908076898118 ], [ -76.305943997679023, 17.913532812543462 ], [ -76.300900772877085, 17.915635701152965 ], [ -76.296094292398323, 17.918196923788059 ], [ -76.291569875086097, 17.92119234003713 ], [ -76.287370187443088, 17.924593714978737 ], [ -76.283534841663837, 17.928368984717778 ], [ -76.280100022144779, 17.932482558019704 ], [ -76.277098143987516, 17.936895651228415 ], [ -76.274557546722221, 17.941566653338967 ], [ -76.272502226158224, 17.94645151781074 ], [ -76.270951606920903, 17.951504177451696 ], [ -76.269920357861565, 17.956676978483532 ], [ -76.269418252131416, 17.961921129712039 ], [ -76.269450073297591, 17.967187162579659 ], [ -76.27001556844975, 17.972425397768635 ], [ -76.271109448806243, 17.977586413955642 ], [ -76.272721437880904, 17.98262151429223 ], [ -76.274836366821475, 17.987483186200802 ], [ -76.277434316080914, 17.992125550133345 ], [ -76.280490802139568, 17.996504793038895 ], [ -76.283977007562072, 18.000579582425686 ], [ -76.286135667742244, 18.002866332067931 ], [ -76.287243102907283, 18.004303204169144 ], [ -76.288415245192567, 18.006190256304585 ], [ -76.288670802310747, 18.006755804414226 ], [ -76.28934390557977, 18.008188056919295 ], [ -76.289548028555529, 18.008606098044641 ], [ -76.289714721645595, 18.009031938004103 ], [ -76.29011285715525, 18.010273491890207 ], [ -76.29028073552162, 18.010787871739552 ], [ -76.290413947904128, 18.011189015238983 ], [ -76.290484624261367, 18.011432799569889 ], [ -76.291127500817453, 18.01343748500986 ], [ -76.291433051953476, 18.014641468927341 ], [ -76.293537648808282, 18.020203242868401 ], [ -76.295390298550217, 18.023812279953329 ], [ -76.296882254635193, 18.027027123482128 ], [ -76.297489783021845, 18.028842961727239 ], [ -76.297819296094559, 18.03037811862426 ], [ -76.297966916688623, 18.032185933035166 ], [ -76.298261110378846, 18.035788575173228 ], [ -76.298267974800083, 18.036567278050974 ], [ -76.29875255477242, 18.04133792041549 ], [ -76.299675716429064, 18.046048972200204 ], [ -76.30103027779883, 18.050663607960455 ], [ -76.302032569184064, 18.053576572437933 ], [ -76.304410193681534, 18.059350374093292 ], [ -76.307462163013042, 18.064826422874173 ], [ -76.308095352037896, 18.065820842664845 ], [ -76.308982920619258, 18.067169706555099 ], [ -76.309782907100328, 18.068346710455781 ], [ -76.310574394011496, 18.069650285445871 ], [ -76.313526161709277, 18.073636285913889 ], [ -76.31426312390613, 18.074541986010392 ], [ -76.314987604610735, 18.075530458773041 ], [ -76.318745532050627, 18.079688235583895 ], [ -76.32292442555385, 18.083460690689083 ], [ -76.324152495148795, 18.084461715172537 ], [ -76.325092989780543, 18.085367948764773 ], [ -76.326782209856219, 18.087325121681062 ], [ -76.32832105324951, 18.089556884061594 ], [ -76.32949345861357, 18.091518477842666 ], [ -76.330853544600288, 18.093591984757513 ], [ -76.330936288895728, 18.093732624873912 ], [ -76.330939975247418, 18.093730641297654 ], [ -76.33257289116537, 18.096663726579735 ], [ -76.33369493749106, 18.098497287374268 ], [ -76.335794025203001, 18.102986252993766 ], [ -76.33584383125536, 18.102964954135338 ], [ -76.336792998717556, 18.105103813429832 ], [ -76.339857111196437, 18.110320513945148 ], [ -76.34350387722256, 18.115182509389321 ], [ -76.34485746275918, 18.116621201541861 ], [ -76.344994776133191, 18.116780797075176 ], [ -76.347174634466967, 18.119163391635151 ], [ -76.348556163129246, 18.120859489554782 ], [ -76.348655068184925, 18.120999493570846 ], [ -76.350476013540785, 18.124062975674704 ], [ -76.353811214478185, 18.129024436800837 ], [ -76.357690520088582, 18.133610060517668 ], [ -76.362068033165386, 18.137765549848698 ], [ -76.363553407044989, 18.139029786177755 ], [ -76.367872676103204, 18.142358485618193 ], [ -76.372511629842563, 18.145267621451044 ], [ -76.377425846770635, 18.147729330852691 ], [ -76.382568262821223, 18.149720036011807 ], [ -76.387889622971613, 18.151220670448971 ], [ -76.391023335075687, 18.151947087915232 ], [ -76.392079293715099, 18.152299702501526 ], [ -76.397193877541, 18.153753313316628 ], [ -76.402428780021296, 18.154740803756926 ], [ -76.407737617796172, 18.155253427036996 ], [ -76.407928317837744, 18.155263205781885 ], [ -76.410089249303098, 18.155501464864894 ], [ -76.417031252067204, 18.15545043608763 ], [ -76.419059190354915, 18.155316534765365 ], [ -76.420484651067099, 18.155369671150112 ], [ -76.422231331263205, 18.155593876277994 ], [ -76.424980981861538, 18.156202687255796 ], [ -76.425058626544768, 18.156217871865412 ], [ -76.427728374922211, 18.156939655292419 ], [ -76.433301698694976, 18.158159956670772 ], [ -76.438975268031569, 18.158837403088317 ], [ -76.444691360914035, 18.15896510605025 ], [ -76.44672569672899, 18.158912415704236 ], [ -76.44972180580163, 18.159014362303033 ], [ -76.451075232954082, 18.159177249567794 ], [ -76.451109339415325, 18.159181354210325 ], [ -76.451355056712728, 18.159210925595922 ], [ -76.453395401459915, 18.159634776089277 ], [ -76.45601239688547, 18.160434232749374 ], [ -76.460573877805217, 18.161958586592576 ], [ -76.461546117424277, 18.16222874296685 ], [ -76.461837899891734, 18.162327339048623 ], [ -76.463902133954733, 18.162982557921463 ], [ -76.464388824807557, 18.16312719242309 ], [ -76.466081081375066, 18.16380910612472 ], [ -76.467695847086887, 18.164645292835758 ], [ -76.469801649781985, 18.166004731500571 ], [ -76.472593623166517, 18.167695967502116 ], [ -76.477732337234713, 18.170611482259257 ], [ -76.479375064308769, 18.171623870448119 ], [ -76.484524861531739, 18.174128793546377 ], [ -76.489914680194929, 18.176119686182286 ], [ -76.495488532685911, 18.177575869249424 ], [ -76.501188515177006, 18.178482218439907 ], [ -76.506955410712521, 18.178829321639725 ], [ -76.512729306091884, 18.178613576817778 ], [ -76.516829057321843, 18.178057244095825 ], [ -76.51968891532114, 18.177900280426037 ], [ -76.523017562155857, 18.178010611838872 ], [ -76.523164021316106, 18.17802423391851 ], [ -76.526354174107723, 18.178541588138017 ], [ -76.530942580316903, 18.179765123256097 ], [ -76.536309027969494, 18.180931011418007 ], [ -76.54176846221965, 18.181594109321839 ], [ -76.54726943443201, 18.18174817163354 ], [ -76.547941828383131, 18.181735791421545 ], [ -76.548895310798017, 18.181741120611946 ], [ -76.55036889745314, 18.181805613774905 ], [ -76.552520797750176, 18.182052289016809 ], [ -76.553400063116555, 18.182128912174566 ], [ -76.554715628333582, 18.182357287835732 ], [ -76.555220028300226, 18.182458307287686 ], [ -76.555788816264112, 18.182621110701113 ], [ -76.555974779387014, 18.182674812865667 ], [ -76.55644429408521, 18.182810397678335 ], [ -76.557184446879404, 18.183008904913525 ], [ -76.557646940875244, 18.183157687473617 ], [ -76.558560352254318, 18.183421448310142 ], [ -76.560776280384005, 18.184317901618304 ], [ -76.564211742813981, 18.185583612793156 ], [ -76.568839894863601, 18.187125652442226 ], [ -76.570322187891279, 18.187790080535475 ], [ -76.571888133475625, 18.18867747922155 ], [ -76.573357176588388, 18.189705183688968 ], [ -76.574660423771576, 18.19081654640225 ], [ -76.575997818008915, 18.192207950038892 ], [ -76.579946983684806, 18.195933018414081 ], [ -76.584258213516563, 18.199271365031951 ], [ -76.58889023858552, 18.202191022858777 ], [ -76.593798711287661, 18.204664033428251 ], [ -76.598936630578052, 18.206666715141989 ], [ -76.604254792917573, 18.208179890536115 ], [ -76.609702264561392, 18.209189070313872 ], [ -76.615226870614023, 18.209684592362624 ], [ -76.620775696107174, 18.209661714410572 ], [ -76.626295594235387, 18.20912065942877 ], [ -76.626984541578182, 18.209020371465563 ], [ -76.627828848003688, 18.20892588171084 ], [ -76.630548770653789, 18.208782062541886 ], [ -76.630683460894687, 18.208793310663495 ], [ -76.634384496778409, 18.208929803845994 ], [ -76.635949201489723, 18.209142451754825 ], [ -76.641934609502385, 18.209648544731657 ], [ -76.646894872173164, 18.209815592725509 ], [ -76.648444122160484, 18.210022820507621 ], [ -76.648633425466826, 18.21006765868438 ], [ -76.649669678835551, 18.210303253629267 ], [ -76.650736344263521, 18.21053566530982 ], [ -76.651852751126427, 18.210911468832858 ], [ -76.652205351648561, 18.211022171503028 ], [ -76.653306042964644, 18.211448774360303 ], [ -76.653779271183751, 18.211660809418124 ], [ -76.654295533006234, 18.211883829399643 ], [ -76.654848032826422, 18.212156354933136 ], [ -76.655855898608877, 18.212620460109321 ], [ -76.658073021742638, 18.213921845920417 ], [ -76.659671080636045, 18.215071656205119 ], [ -76.660736452904018, 18.215987712755094 ], [ -76.662261837636294, 18.217573655988748 ], [ -76.66341413210246, 18.219054484787655 ], [ -76.663646792200922, 18.219428756348613 ], [ -76.666762035202837, 18.223916236080445 ], [ -76.670327984837996, 18.228086125857665 ], [ -76.674309457157008, 18.231897251248952 ], [ -76.678667157421827, 18.235311978554861 ], [ -76.683358068037819, 18.238296587149286 ], [ -76.688335873625277, 18.240821603156199 ], [ -76.693551419013886, 18.242862091132363 ], [ -76.698953195604091, 18.24439790084454 ], [ -76.704487851244764, 18.245413866677353 ], [ -76.710100718533397, 18.24589995768147 ], [ -76.715736356253728, 18.245851376765522 ], [ -76.718477778948838, 18.245697349121052 ], [ -76.720431320184801, 18.245770090178841 ], [ -76.722242100079214, 18.246010124982483 ], [ -76.724039966909785, 18.246423268181239 ], [ -76.725786804652088, 18.247002783529425 ], [ -76.727465794900866, 18.247743091212094 ], [ -76.729060771982532, 18.248637063321095 ], [ -76.730556378489069, 18.249676092437291 ], [ -76.731938213059152, 18.250850174447205 ], [ -76.733192968988689, 18.252148004799842 ], [ -76.735383604269032, 18.254914920299353 ], [ -76.738982076971553, 18.259021249917286 ], [ -76.742987260846746, 18.262768181574181 ], [ -76.747360055887469, 18.26611911776644 ], [ -76.752057763973809, 18.269041327685972 ], [ -76.757034506241837, 18.27150626758359 ], [ -76.762241671863961, 18.273489860174767 ], [ -76.767628393823315, 18.274972730329157 ], [ -76.773142046987687, 18.275940394716418 ], [ -76.778728763560309, 18.276383403536254 ], [ -76.784333960806066, 18.276297432934751 ], [ -76.7899028758264, 18.27568332719768 ], [ -76.790205306559827, 18.275635408863547 ], [ -76.792291140065956, 18.275513054632015 ], [ -76.794523293049053, 18.275590798538641 ], [ -76.796275579587018, 18.275822321641606 ], [ -76.798684142975887, 18.276374676897479 ], [ -76.800560753931293, 18.276996283788943 ], [ -76.802240300401706, 18.277735881020195 ], [ -76.80383589062518, 18.278629170607267 ], [ -76.805332161315917, 18.279667551697187 ], [ -76.806778189281488, 18.280894910140589 ], [ -76.807942972221099, 18.282091254696901 ], [ -76.809004653107024, 18.28340833227033 ], [ -76.810148730362101, 18.285138131036092 ], [ -76.812383000213046, 18.288887749587175 ], [ -76.815422332075599, 18.293033797835207 ], [ -76.818853406398262, 18.296890894521663 ], [ -76.82264631033091, 18.300425388616489 ], [ -76.824126411972557, 18.301681247787993 ], [ -76.825382198371443, 18.30297837577432 ], [ -76.826498849897092, 18.304386820794967 ], [ -76.827516116343645, 18.305971706117749 ], [ -76.829978249116436, 18.31028733407102 ], [ -76.83296720433674, 18.314521672016461 ], [ -76.836360260355562, 18.318468482536289 ], [ -76.840127304624517, 18.322092712109193 ], [ -76.844234896659557, 18.325362170806542 ], [ -76.846331095950319, 18.326733309182419 ], [ -76.849523639391975, 18.329013518911129 ], [ -76.850942977214686, 18.329994955185683 ], [ -76.852375162616624, 18.330953421609497 ], [ -76.853247887248529, 18.331525950493262 ], [ -76.85535938310251, 18.332883601677509 ], [ -76.856712828097102, 18.333940169482847 ], [ -76.857968020908132, 18.335121273778892 ], [ -76.861944228939493, 18.33918406041175 ], [ -76.866356303997506, 18.34285022559644 ], [ -76.871140178495097, 18.346063232731574 ], [ -76.876245037594785, 18.348788945601466 ], [ -76.8816166482912, 18.350998404960549 ], [ -76.887197936681517, 18.352668136868544 ], [ -76.891154400423702, 18.353641033398667 ], [ -76.894372347920012, 18.354678899184847 ], [ -76.895996714699493, 18.355377798596546 ], [ -76.898205303969178, 18.356584520532728 ], [ -76.899014428961095, 18.357012034217746 ], [ -76.900687293377842, 18.358088315029693 ], [ -76.902161170367464, 18.359261112030335 ], [ -76.903502570172634, 18.36057089208121 ], [ -76.906026378424414, 18.363597660468844 ], [ -76.909624910117472, 18.367511392687202 ], [ -76.913600377249352, 18.371077202499503 ], [ -76.917916070379107, 18.374262148075491 ], [ -76.922532130251625, 18.377036805254633 ], [ -76.92740591637687, 18.37937553994837 ], [ -76.932492401590977, 18.381256745470129 ], [ -76.937744588923636, 18.382663042576635 ], [ -76.94311394687999, 18.383581440352227 ], [ -76.948550859066259, 18.384003456434609 ], [ -76.954005083949838, 18.383925195460659 ], [ -76.957519072804288, 18.383713176141004 ], [ -76.959587293946157, 18.383784931327291 ], [ -76.961364660710629, 18.384017949667168 ], [ -76.963164333325125, 18.384428655387708 ], [ -76.963631936525999, 18.384582966933017 ], [ -76.969965285482417, 18.386287651457351 ], [ -76.976462766601344, 18.387280997578529 ], [ -76.980304812241556, 18.387651885463072 ], [ -76.984832235040614, 18.388443714680974 ], [ -76.985126699199981, 18.388488828881854 ], [ -76.989233108425836, 18.389456174032517 ], [ -76.990390473738941, 18.38971655118311 ], [ -76.992015965957776, 18.390065118852963 ], [ -76.992028361091258, 18.390012434316841 ], [ -76.993408398528089, 18.390307755463244 ], [ -76.994991609936477, 18.390697979905898 ], [ -76.995004155769536, 18.390651586778304 ], [ -77.000482548627005, 18.391788855713408 ], [ -77.007110060788108, 18.392402766517623 ], [ -77.011411160369931, 18.392558951040705 ], [ -77.013244442175747, 18.392798769030041 ], [ -77.017535748712461, 18.393776751097683 ], [ -77.019406099280985, 18.394171251919811 ], [ -77.020025623323363, 18.394291492634924 ], [ -77.020383525704389, 18.394372993285121 ], [ -77.020610192293717, 18.394416751227368 ], [ -77.02225479448127, 18.39488619793033 ], [ -77.025215010663416, 18.3960200147724 ], [ -77.027583763855773, 18.39704315657222 ], [ -77.032702735595947, 18.398714495747925 ], [ -77.037965173417064, 18.39991295019259 ], [ -77.043323248212232, 18.400627631478862 ], [ -77.048728260063356, 18.400852048272537 ], [ -77.054131082123178, 18.400584165338675 ], [ -77.059482608400614, 18.399826421929344 ], [ -77.064734201321357, 18.39858570938922 ], [ -77.069889266293202, 18.397115544356009 ], [ -77.070635440466376, 18.396939150939708 ], [ -77.073158981966657, 18.396143493158618 ], [ -77.073160342168606, 18.396147526775135 ], [ -77.074485746651533, 18.39574018749969 ], [ -77.077063284389553, 18.395125800785681 ], [ -77.078755382937445, 18.394880670096711 ], [ -77.081643577182206, 18.394720999202605 ], [ -77.085478564046724, 18.394613912618055 ], [ -77.090606784803484, 18.394022162656203 ], [ -77.095657366916058, 18.392987731888105 ], [ -77.100588461163554, 18.391519195874238 ], [ -77.102409031708476, 18.39088886087308 ], [ -77.104196331182209, 18.390429374370264 ], [ -77.10683613825384, 18.39000100515808 ], [ -77.108945384023414, 18.389872222501044 ], [ -77.110618439894097, 18.389929016182375 ], [ -77.112383325690089, 18.39015001877311 ], [ -77.114123597672531, 18.390530472075618 ], [ -77.115818397002371, 18.391066307491453 ], [ -77.119914815220568, 18.392786956711998 ], [ -77.119928398505976, 18.392757482419604 ], [ -77.120735358030117, 18.393134073968092 ], [ -77.126554111864451, 18.395134534827406 ], [ -77.129051276285608, 18.39584889637884 ], [ -77.129722240258161, 18.396040831627591 ], [ -77.130339988844511, 18.396217541590751 ], [ -77.130561517375796, 18.3963024891953 ], [ -77.131313511757654, 18.396570834578846 ], [ -77.132363764691704, 18.39700663811454 ], [ -77.133781077678591, 18.397559545609116 ], [ -77.138262337284203, 18.399101537800508 ], [ -77.140294822965913, 18.399621853037484 ], [ -77.140787173352166, 18.399773841360862 ], [ -77.143195737669359, 18.4004463150577 ], [ -77.144096419073534, 18.400739331563919 ], [ -77.145511818423032, 18.401146033152095 ], [ -77.145613936189335, 18.401179416062085 ], [ -77.146734141000763, 18.401608707275159 ], [ -77.14809960966933, 18.402104625340307 ], [ -77.150833341017915, 18.403432801752157 ], [ -77.155421649658919, 18.405354762995 ], [ -77.158514224812379, 18.406777013877864 ], [ -77.164364295347298, 18.409074542380871 ], [ -77.1662235094077, 18.409888159297122 ], [ -77.168421504211949, 18.411111897602606 ], [ -77.172252889178708, 18.413478762596302 ], [ -77.177491498311383, 18.41602370790195 ], [ -77.182977812020368, 18.418037819548015 ], [ -77.188652974005421, 18.41949949408518 ], [ -77.194456097538321, 18.420393055072083 ], [ -77.19707209508887, 18.420533873609585 ], [ -77.199455732849458, 18.420763170522328 ], [ -77.203383738678468, 18.420959473297529 ], [ -77.203911754835062, 18.42098585472532 ], [ -77.204237529448775, 18.421002130757543 ], [ -77.206566477064626, 18.421376939171832 ], [ -77.208394508351844, 18.421855347638168 ], [ -77.21016298432157, 18.422506526825483 ], [ -77.213565658773405, 18.42415118580368 ], [ -77.213710105277983, 18.424231481615859 ], [ -77.21406056722293, 18.424390388280912 ], [ -77.214403529293591, 18.42455614981078 ], [ -77.214407915341027, 18.424547882101823 ], [ -77.218011001404577, 18.426181528453405 ], [ -77.222468033609232, 18.427780634260539 ], [ -77.222891335629441, 18.427913448591269 ], [ -77.227666622681085, 18.429566694144814 ], [ -77.230370180391475, 18.430852376564513 ], [ -77.230628933213765, 18.431004059348723 ], [ -77.233286760600819, 18.432479109690334 ], [ -77.233473566808442, 18.432600315546505 ], [ -77.237795149668187, 18.435142300261049 ], [ -77.242337447117507, 18.437305601361256 ], [ -77.247064124329341, 18.439072914786472 ], [ -77.25193736809193, 18.440430104462397 ], [ -77.257136751589144, 18.441640108197788 ], [ -77.25715213555624, 18.441579890540776 ], [ -77.258721235734399, 18.442004758061163 ], [ -77.259462515132128, 18.442157830858697 ], [ -77.260516971020621, 18.442353633413166 ], [ -77.261662398173939, 18.442636351805174 ], [ -77.261778828079514, 18.442668543864556 ], [ -77.262332545499888, 18.442841287567976 ], [ -77.264455384929647, 18.443581618458534 ], [ -77.264948221359276, 18.443736452103543 ], [ -77.267870567180196, 18.444572183203711 ], [ -77.270491021310377, 18.445248875445731 ], [ -77.270507881505267, 18.4451894045913 ], [ -77.27450142183109, 18.446177002246209 ], [ -77.277086980242061, 18.446530337486962 ], [ -77.277086019217364, 18.44653566106512 ], [ -77.283136820335187, 18.447530457058335 ], [ -77.284653552805395, 18.447952505026354 ], [ -77.290556491687425, 18.449273146783046 ], [ -77.296573364696386, 18.449985390825351 ], [ -77.302635506920183, 18.450081116051802 ], [ -77.308673736949544, 18.449559237150563 ], [ -77.31461914861238, 18.448425716697361 ], [ -77.318634747645447, 18.44744463693192 ], [ -77.321961632004559, 18.446946859555279 ], [ -77.322950122613676, 18.446890948255295 ], [ -77.328616500073409, 18.446296768506929 ], [ -77.330333687133376, 18.446032840812659 ], [ -77.332449202985018, 18.445668329718082 ], [ -77.33253964653909, 18.445651052028076 ], [ -77.335136364143935, 18.445464654188573 ], [ -77.340306512906253, 18.444864806699393 ], [ -77.345397246438537, 18.44381521364879 ], [ -77.349148540532951, 18.442867916194317 ], [ -77.351069666219388, 18.442571269357426 ], [ -77.354362463363216, 18.442358767195206 ], [ -77.358858915766277, 18.442523378449877 ], [ -77.359182316984018, 18.442551156874845 ], [ -77.36178758938982, 18.442890425559849 ], [ -77.361970471920145, 18.442929715572674 ], [ -77.361974013270483, 18.442914700953743 ], [ -77.362111785273726, 18.442932640964838 ], [ -77.365088842083708, 18.443480135484894 ], [ -77.366854674378729, 18.443878943014592 ], [ -77.372418996023768, 18.444858991114323 ], [ -77.378057913872922, 18.445305427029023 ], [ -77.383715371204133, 18.445213818712951 ], [ -77.389335127717288, 18.444585082799005 ], [ -77.394861320185086, 18.443425475224721 ], [ -77.398419929246018, 18.442499042775342 ], [ -77.400509170468212, 18.442179146777047 ], [ -77.401460542748055, 18.442020751869535 ], [ -77.402485333600765, 18.441959453790236 ], [ -77.403879405469027, 18.44185959923929 ], [ -77.404257497167521, 18.441828043363213 ], [ -77.404794060185026, 18.441828181874861 ], [ -77.40547484120782, 18.441796202108293 ], [ -77.405472982629973, 18.441760164450656 ], [ -77.406070248117999, 18.441751633087538 ], [ -77.406867816980508, 18.441789811062947 ], [ -77.407684990052829, 18.441823293833533 ], [ -77.410458763435173, 18.441917820959144 ], [ -77.410911150308124, 18.441991844199542 ], [ -77.41212880990922, 18.442169545884131 ], [ -77.412316534492362, 18.442219412858627 ], [ -77.414504137359529, 18.442755999268552 ], [ -77.41461266165129, 18.442780432283499 ], [ -77.416475506953972, 18.443410231919447 ], [ -77.417686106331573, 18.443760352077948 ], [ -77.421171001625623, 18.444984141410092 ], [ -77.42260595475463, 18.445658788692239 ], [ -77.428002210569502, 18.447872472624248 ], [ -77.433609328025554, 18.449542060486426 ], [ -77.43936724410591, 18.450649673273553 ], [ -77.445214277279462, 18.451183452263152 ], [ -77.4510877901035, 18.451137686129066 ], [ -77.453895772298992, 18.45097687199106 ], [ -77.456479555837262, 18.451073197117349 ], [ -77.457133853218323, 18.451173799675434 ], [ -77.458480225036055, 18.451365032499449 ], [ -77.458962059347499, 18.451427842973022 ], [ -77.459064013789018, 18.451445880468942 ], [ -77.461328531326487, 18.452020251349506 ], [ -77.463312914479175, 18.452724827834068 ], [ -77.465161900001021, 18.453582105418757 ], [ -77.469876973833891, 18.456022956048876 ], [ -77.475251290870958, 18.458157727717577 ], [ -77.480826503556813, 18.459755952741823 ], [ -77.486543953559718, 18.460800821382456 ], [ -77.487922244886121, 18.460915037396258 ], [ -77.490157976365083, 18.461201564367361 ], [ -77.495452633876496, 18.46164051597626 ], [ -77.49738314205284, 18.461713912690566 ], [ -77.500744749932451, 18.462189085257513 ], [ -77.502157164335173, 18.462586171688567 ], [ -77.506764594272951, 18.463683852113615 ], [ -77.511452061419732, 18.464410155278486 ], [ -77.516186744255165, 18.464759999297431 ], [ -77.519273520358851, 18.464864385706235 ], [ -77.523896242331787, 18.465459511132998 ], [ -77.523897448685304, 18.465450977259703 ], [ -77.52584372795674, 18.465793518651488 ], [ -77.527064021366456, 18.466039165826963 ], [ -77.529037757150419, 18.466436463641706 ], [ -77.529618019549631, 18.466542274423784 ], [ -77.529982787018056, 18.466643081976059 ], [ -77.530178206160571, 18.466697847920742 ], [ -77.531995845224188, 18.467207227017642 ], [ -77.53647308570072, 18.468760145792217 ], [ -77.541561223604589, 18.470030671466372 ], [ -77.546750770253752, 18.470846330798018 ], [ -77.551997155411868, 18.471200123571439 ], [ -77.557255320287595, 18.471089016388685 ], [ -77.559839064191536, 18.470804663882046 ], [ -77.560106375373692, 18.470784249259705 ], [ -77.563208496532297, 18.470596996100692 ], [ -77.565614782505691, 18.470677161926638 ], [ -77.568934087207566, 18.470970566768067 ], [ -77.56936202829128, 18.470995555481711 ], [ -77.574651882253278, 18.471068733315427 ], [ -77.579925874063932, 18.4706716249251 ], [ -77.58513817359389, 18.46980768637901 ], [ -77.585560330094324, 18.469718194334924 ], [ -77.588599830609098, 18.469311576689154 ], [ -77.591268275276406, 18.469055313609008 ], [ -77.596249774591016, 18.468142615472722 ], [ -77.59639567050381, 18.468109371954149 ], [ -77.597808714916738, 18.467769042299391 ], [ -77.599709035709623, 18.467286495956767 ], [ -77.601316219004048, 18.466978622917161 ], [ -77.603788627744123, 18.466663870567931 ], [ -77.604795780619781, 18.466613356423718 ], [ -77.607794075683827, 18.466716020284643 ], [ -77.608534915020286, 18.466820297974017 ], [ -77.614273216746597, 18.467345607095691 ], [ -77.620037744581253, 18.467312765869618 ], [ -77.625769014896292, 18.466722120118749 ], [ -77.630974537678114, 18.465667568092545 ], [ -77.633027276076021, 18.465347786881608 ], [ -77.635925341700712, 18.465171494802842 ], [ -77.639851502020946, 18.46529856912295 ], [ -77.641681646443331, 18.465539950426866 ], [ -77.643536413001641, 18.465970519567616 ], [ -77.647987321621656, 18.467472545876323 ], [ -77.648027716818191, 18.467488433427388 ], [ -77.653493322622651, 18.469047138735736 ], [ -77.659095307467908, 18.47007442289431 ], [ -77.664777063277555, 18.470559911803299 ], [ -77.670481175019205, 18.470498706392142 ], [ -77.676150002550884, 18.469891431991453 ], [ -77.676699680804276, 18.469805669481104 ], [ -77.67710772327348, 18.469740546874785 ], [ -77.677490694970714, 18.469678055071022 ], [ -77.679119598336698, 18.46938884276177 ], [ -77.679123707647975, 18.469388053766302 ], [ -77.681356444303759, 18.469246491320952 ], [ -77.681394099331044, 18.469244103649171 ], [ -77.686321036890845, 18.469397942582223 ], [ -77.688130706572039, 18.469640029497747 ], [ -77.690862045366345, 18.470283470155461 ], [ -77.69159837532024, 18.470500060285417 ], [ -77.694526951731135, 18.47152217477705 ], [ -77.697734884842546, 18.472963119415699 ], [ -77.699947228105728, 18.474056188539333 ], [ -77.702472801584435, 18.475152223999071 ], [ -77.702484585319368, 18.475157172384122 ], [ -77.704243863577361, 18.476129517241098 ], [ -77.706079116179339, 18.477096921345819 ], [ -77.707101772381947, 18.477791479145072 ], [ -77.708173620150106, 18.478476901159326 ], [ -77.708361966832854, 18.478608784725601 ], [ -77.710982614462608, 18.480337952000841 ], [ -77.711148011643573, 18.480440658836677 ], [ -77.714666086068164, 18.482430145773673 ], [ -77.714678571387807, 18.482437537506893 ], [ -77.715858415408746, 18.483233064982091 ], [ -77.71653105097603, 18.483679683065038 ], [ -77.716749359086464, 18.483822414613204 ], [ -77.719206121813883, 18.485341336876196 ], [ -77.720532632599514, 18.486115858869169 ], [ -77.72055556755852, 18.486080097596325 ], [ -77.722488038629166, 18.487235338181566 ], [ -77.72713655328846, 18.489476718138153 ], [ -77.731980867124463, 18.491302095871585 ], [ -77.736980181793399, 18.492696101657206 ], [ -77.742092390787974, 18.493646999137084 ], [ -77.747274435034413, 18.494146784283867 ], [ -77.752482666593181, 18.494191252834703 ], [ -77.753669878188262, 18.494149377826645 ], [ -77.756794474526217, 18.494259968807654 ], [ -77.759636317002233, 18.494657546556244 ], [ -77.760459220337324, 18.494882403032161 ], [ -77.762202091386158, 18.495315034741765 ], [ -77.763595597313994, 18.495739371249837 ], [ -77.764612541203448, 18.496017222492089 ], [ -77.764880868467486, 18.496104731937521 ], [ -77.765202422545073, 18.496193402883804 ], [ -77.765212867895897, 18.496196845085876 ], [ -77.765227171133347, 18.496200227464985 ], [ -77.765545251214121, 18.496287939727715 ], [ -77.76554878305069, 18.496276280784308 ], [ -77.770149865614854, 18.4973642542544 ], [ -77.774560729526186, 18.49801451684823 ], [ -77.775664101731735, 18.498202306845553 ], [ -77.777153827397512, 18.498455841675767 ], [ -77.7771589149623, 18.49842862974808 ], [ -77.779736251619767, 18.498844578362359 ], [ -77.780754220683633, 18.499106629084675 ], [ -77.782599173447011, 18.49955004914969 ], [ -77.783249359894427, 18.499695303617813 ], [ -77.783489633229649, 18.499761524310781 ], [ -77.784728248914973, 18.500043513556079 ], [ -77.785563362074669, 18.500273914776233 ], [ -77.791442609468774, 18.501272911864341 ], [ -77.793523269286467, 18.5015195596024 ], [ -77.794382350336349, 18.501615057661741 ], [ -77.795756650089146, 18.501757707389039 ], [ -77.796657656259129, 18.501828273650265 ], [ -77.79741940458625, 18.50193016502935 ], [ -77.797499573611375, 18.501946670295862 ], [ -77.804364006208033, 18.502945374496964 ], [ -77.806186437526705, 18.503102490746034 ], [ -77.806949864978563, 18.503152363276296 ], [ -77.808106999073075, 18.503296767731019 ], [ -77.80815827383789, 18.503304895366139 ], [ -77.809111908549426, 18.503540537561808 ], [ -77.810355088779886, 18.503833486619229 ], [ -77.810911254630327, 18.50395820996992 ], [ -77.810948252099152, 18.503969365562789 ], [ -77.811637803147278, 18.504160860012128 ], [ -77.818210928324746, 18.505588479997662 ], [ -77.824915108271412, 18.506262553709959 ], [ -77.826531462425677, 18.506332887979511 ], [ -77.832787595993551, 18.506275795055711 ], [ -77.833843224879558, 18.506210536009313 ], [ -77.839203244228315, 18.505634138401646 ], [ -77.839873235044806, 18.505531130707311 ], [ -77.842317436384121, 18.50538224360194 ], [ -77.847320817616378, 18.505222365682986 ], [ -77.849367246923478, 18.504981169914515 ], [ -77.855055591155363, 18.504620165876826 ], [ -77.861123132463248, 18.503809469020318 ], [ -77.861735305417014, 18.503744942526829 ], [ -77.862135544223179, 18.503702754009325 ], [ -77.862618780089051, 18.50365181576711 ], [ -77.865877072883137, 18.503216826375493 ], [ -77.867384868529712, 18.5029728265405 ], [ -77.868271553568462, 18.502876757947337 ], [ -77.873435109525929, 18.5018471227826 ], [ -77.878476115024895, 18.500364587160465 ], [ -77.879372163534612, 18.500056878309852 ], [ -77.884587257227778, 18.49798071632274 ], [ -77.889560036324582, 18.495420101681042 ], [ -77.894241214059051, 18.492400426488551 ], [ -77.898584402506003, 18.488951631665177 ], [ -77.902546572630015, 18.485107909305945 ], [ -77.906088480640193, 18.480907362925894 ], [ -77.909175056424132, 18.47639162899787 ], [ -77.911775750227648, 18.471605463571521 ], [ -77.913864834176294, 18.46659629810479 ], [ -77.915421655697287, 18.46141376893895 ], [ -77.916430840389737, 18.456109225103642 ], [ -77.916882442403022, 18.450735219345628 ], [ -77.916900916492992, 18.450152369031855 ], [ -77.917115330996552, 18.448496714907996 ], [ -77.917489460464964, 18.446867121896929 ], [ -77.918020085611587, 18.445277592117506 ], [ -77.91858064380277, 18.444016292419544 ], [ -77.91886625854967, 18.443478357373216 ], [ -77.91942086631326, 18.442573758973644 ], [ -77.919976649722315, 18.441646370547129 ], [ -77.920374333898152, 18.44096733052535 ], [ -77.921634200927443, 18.439313315392603 ], [ -77.922877325109397, 18.437981621649914 ], [ -77.924252493191915, 18.43677395964685 ], [ -77.926527220639244, 18.435141778234804 ], [ -77.92696348168559, 18.43482558554814 ], [ -77.930465266302832, 18.43226196771209 ], [ -77.932036180919098, 18.43132996260892 ], [ -77.932394430750378, 18.431161411028448 ], [ -77.933454331753822, 18.430600063538964 ], [ -77.93702826359835, 18.42892182297664 ], [ -77.938756778583254, 18.428302286729224 ], [ -77.94054049634569, 18.427847132523766 ], [ -77.942362303990095, 18.427560726241378 ], [ -77.944698772744189, 18.427414997976733 ], [ -77.947364504604323, 18.427498536888976 ], [ -77.95296416462719, 18.427907779276136 ], [ -77.954481851687888, 18.427860385545078 ], [ -77.957628733130974, 18.427932631033155 ], [ -77.95901084824041, 18.428075028888063 ], [ -77.959420597336077, 18.4281523015364 ], [ -77.960415949560755, 18.428315184066694 ], [ -77.961018174359012, 18.428446670422797 ], [ -77.96131128678887, 18.428532092658649 ], [ -77.963745780141949, 18.429185326408287 ], [ -77.96382322208072, 18.429204338838847 ], [ -77.967875672810194, 18.430329330381007 ], [ -77.973307283256048, 18.43130267361423 ], [ -77.978812345706956, 18.431766953678824 ], [ -77.984338598644783, 18.431717769990026 ], [ -77.986641805377204, 18.431589994690306 ], [ -77.990383834378576, 18.431694034819081 ], [ -77.991911994156624, 18.431807029289729 ], [ -77.99454998080229, 18.431887740440104 ], [ -77.996365193620164, 18.432112810954642 ], [ -77.99807086417249, 18.432487689701496 ], [ -78.001391146366998, 18.433560018701051 ], [ -78.006737001816958, 18.435012114064975 ], [ -78.01220609545733, 18.435957930334897 ], [ -78.017745911063656, 18.436388392444375 ], [ -78.021459929587365, 18.436328918781633 ], [ -78.021460296072846, 18.43634987270843 ], [ -78.022104731972433, 18.436339604242697 ], [ -78.02272637789909, 18.436308622151191 ], [ -78.023303252842311, 18.436299374109428 ], [ -78.024045777082648, 18.436252681412313 ], [ -78.025615394898466, 18.436285012359345 ], [ -78.031807749672566, 18.436089540986494 ], [ -78.032560570905687, 18.436026365710134 ], [ -78.036621789242091, 18.435544109501233 ], [ -78.037150284528806, 18.435462779848216 ], [ -78.037381341586254, 18.435425206517408 ], [ -78.037525942228783, 18.435409818827267 ], [ -78.039384960535017, 18.43513861743391 ], [ -78.040468989144756, 18.434970204038031 ], [ -78.040590138359633, 18.434950231544249 ], [ -78.041400536151443, 18.434844555698266 ], [ -78.042981728310551, 18.434613852824029 ], [ -78.04297738986574, 18.43458676651148 ], [ -78.044679589210475, 18.434372443528414 ], [ -78.049284231620149, 18.43402861347111 ], [ -78.054767662919389, 18.434183081982685 ], [ -78.05579338658265, 18.434256143800816 ], [ -78.061206536143629, 18.434147741691621 ], [ -78.066584165706871, 18.433547275701653 ], [ -78.067002166118229, 18.433481170702983 ], [ -78.067251297108101, 18.433454653451665 ], [ -78.067293181951428, 18.433448362200558 ], [ -78.072342390504573, 18.432463771107564 ], [ -78.073163300733896, 18.432227909660877 ], [ -78.073928662414815, 18.432035157714896 ], [ -78.077202139915258, 18.431353274911515 ], [ -78.079653548690828, 18.43105074141214 ], [ -78.080443802794619, 18.431010808186063 ], [ -78.08453318892559, 18.431151033657795 ], [ -78.089135652568871, 18.431130471496683 ], [ -78.09118053808001, 18.430962531529104 ], [ -78.094468550591913, 18.43078104427185 ], [ -78.097176528395622, 18.430854069008145 ], [ -78.101698438522916, 18.430803853777125 ], [ -78.106201764292109, 18.430409988727053 ], [ -78.108019052458246, 18.430181004778234 ], [ -78.110246640387615, 18.430110617898798 ], [ -78.112837321265502, 18.430265137870098 ], [ -78.114854297936176, 18.430582200452765 ], [ -78.119574228777111, 18.431560727554835 ], [ -78.124924490549148, 18.432170571515826 ], [ -78.130311226104922, 18.432293120733448 ], [ -78.135685812016305, 18.431927275817756 ], [ -78.140999736181556, 18.431076345733509 ], [ -78.146205036905101, 18.429748017606659 ], [ -78.150066012080899, 18.428572526122498 ], [ -78.15177286146421, 18.428214950724794 ], [ -78.153507059802806, 18.428009749524239 ], [ -78.155293315901375, 18.42795752641149 ], [ -78.15698051413689, 18.428055405440997 ], [ -78.159581069017946, 18.428434306217373 ], [ -78.15994396738472, 18.428521842502295 ], [ -78.164680436778383, 18.429461238726727 ], [ -78.169483546099869, 18.430011985070873 ], [ -78.171166781567678, 18.430135774202085 ], [ -78.173018916289436, 18.430492981980425 ], [ -78.173526327277585, 18.43059083912717 ], [ -78.174078895280218, 18.430697403340126 ], [ -78.179666909084673, 18.431500933347973 ], [ -78.185310950597511, 18.431769747082289 ], [ -78.190954977100262, 18.431501183340174 ], [ -78.196542947685387, 18.430697916708944 ], [ -78.202019381239822, 18.429367930620863 ], [ -78.207329908726962, 18.427524437561964 ], [ -78.212421814212377, 18.425185747250421 ], [ -78.217244559199131, 18.422375084122248 ], [ -78.221750285015531, 18.419120355970392 ], [ -78.225894288230407, 18.415453876071528 ], [ -78.228695271656321, 18.412715657328825 ], [ -78.23007071476934, 18.411605894550629 ], [ -78.233781179494471, 18.40915070697211 ], [ -78.23377003708427, 18.409135362987865 ], [ -78.234282177924314, 18.408826913703539 ], [ -78.238941227008553, 18.405321519720967 ], [ -78.243191116409506, 18.40137076032552 ], [ -78.246985377822398, 18.397017869653673 ], [ -78.250282538170254, 18.3923104770926 ], [ -78.252163305313431, 18.388901221885035 ], [ -78.252978224664417, 18.387483756930909 ], [ -78.253047959274312, 18.387377479876932 ], [ -78.253721233005194, 18.386238656562632 ], [ -78.255679136844137, 18.383314098359943 ], [ -78.25685485783147, 18.38189538634084 ], [ -78.258173920713801, 18.380596637387121 ], [ -78.259052420475527, 18.379889959764657 ], [ -78.260741294907476, 18.378475842382617 ], [ -78.26182750795472, 18.377529340126085 ], [ -78.263348266183854, 18.376450254969782 ], [ -78.264974871373425, 18.375522511678295 ], [ -78.267628871641392, 18.374336216636191 ], [ -78.270669802991193, 18.373158788241231 ], [ -78.275498699735166, 18.370750345148217 ], [ -78.280063121608123, 18.367910530887148 ], [ -78.284320936252584, 18.364665574476835 ], [ -78.288232849733745, 18.361045443573172 ], [ -78.291762769244272, 18.357083567066773 ], [ -78.293290839391418, 18.354990635118785 ], [ -78.296085891426699, 18.351488537824885 ], [ -78.296147656143702, 18.351422043913523 ], [ -78.2975765254089, 18.349943134853802 ], [ -78.300910567015194, 18.347089382683787 ], [ -78.3009083602104, 18.347087031690066 ], [ -78.301589247870623, 18.346552871883386 ], [ -78.305714984465311, 18.342566235470439 ], [ -78.309386882418622, 18.33819363591719 ], [ -78.3125656209087, 18.33348194906927 ], [ -78.31521717401651, 18.328481680325208 ], [ -78.31731317387019, 18.32324642257668 ], [ -78.318831212761921, 18.317832281265208 ], [ -78.31906346367667, 18.316790890434703 ], [ -78.319565263019854, 18.31424290194537 ], [ -78.319637038043112, 18.31382339502975 ], [ -78.319750430987199, 18.313318233466955 ], [ -78.320377660443881, 18.308052269245643 ], [ -78.320462905321861, 18.302752961432343 ], [ -78.320441375998769, 18.302141029798925 ], [ -78.320477360877334, 18.301555287874152 ], [ -78.320523910544068, 18.300342737649729 ] ] ] } }
]
}
